指标名称,钢材价格指数:螺纹钢:Φ12-25,收盘价:螺纹指数,热卷:中国:市场价,收盘价:热卷指数
2006/4/14,89.34,,,
2006/4/21,89.94,,,
2006/4/28,89.8,,,
2006/5/12,90.22,,,
2006/5/19,91.25,,,
2006/5/26,92.67,,,
2006/6/2,94.03,,,
2006/6/9,95.57,,,
2006/6/16,95.99,,,
2006/6/30,94.6,,,
2006/7/14,89.74,,,
2006/7/21,86.9,,,
2006/7/28,86.62,,,
2006/8/4,85.76,,,
2006/8/11,86.02,,,
2006/8/18,86.19,,,
2006/8/25,86.87,,,
2006/9/1,86.81,,,
2006/9/8,87.87,,,
2006/9/15,87.64,,,
2006/9/22,87.61,,,
2006/9/29,87.81,,,
2006/10/13,87.81,,,
2006/10/20,87.38,,,
2006/11/10,87.18,,,
2006/11/17,87.38,,,
2006/11/24,87.87,,,
2006/12/1,87.67,,,
2006/12/8,88.35,,,
2006/12/15,87.89,,,
2006/12/22,87.95,,,
2007/1/12,89.8,,,
2007/1/19,91.33,,,
2007/1/26,92.19,,,
2007/2/9,93.86,,,
2007/2/16,94.4,,,
2007/3/16,94.91,,,
2007/3/23,94.86,,,
2007/3/30,94.63,,,
2007/4/6,94.71,,,
2007/4/13,94.94,,,
2007/4/20,95.6,,,
2007/4/27,97.56,,,
2007/5/11,100.48,,558,
2007/5/18,104.46,,565,
2007/5/25,103.67,,565,
2007/6/1,103.21,,569,
2007/6/8,100.14,,537,
2007/6/15,99.29,,531,
2007/6/22,98.52,,530,
2007/6/29,99.86,,530,
2007/7/6,99.91,,532,
2007/7/13,100.28,,528,
2007/7/20,100.65,,526,
2007/7/27,102.56,,523,
2007/8/3,103.67,,535,
2007/8/10,105.37,,535,
2007/8/17,105.97,,561,
2007/8/24,,,535,
2007/8/31,108.64,,563,
2007/9/7,,,585,
2007/9/14,113.64,,595,
2007/9/21,113.41,,577,
2007/9/28,113.1,,569,
2007/10/5,,,573,
2007/10/12,113.27,,573,
2007/10/19,113.84,,573,
2007/10/26,114.86,,573,
2007/11/2,,,577,
2007/11/9,117.08,,597,
2007/11/16,,,608,
2007/11/23,121,,610,
2007/11/30,123.39,,617,
2007/12/7,128.93,,654,
2007/12/14,132.23,,654,
2007/12/21,,,654,
2007/12/28,,,654,
2007/12/29,131.26,,,
2008/1/3,,,680,
2008/1/4,130.49,,,
2008/1/10,,,684,
2008/1/11,130.43,,,
2008/1/18,130.18,,684,
2008/1/25,,,684,
2008/2/1,,,693,
2008/2/8,,,693,
2008/2/15,,,701,
2008/2/22,132.76,,730,
2008/2/29,138.31,,752,
2008/3/7,143.34,,762,
2008/3/14,143.45,,757,
2008/3/21,142.57,,740,
2008/3/28,142.14,,755,
2008/4/2,,,765,
2008/4/4,143.02,,,
2008/4/9,,,772,
2008/4/16,,,775,
2008/4/18,146.21,,,
2008/4/23,,,775,
2008/4/25,148.17,,,
2008/5/2,153.25,,775,
2008/5/9,160.24,,833,
2008/5/16,,,841,
2008/5/23,162.92,,841,
2008/5/30,162.38,,852,
2008/6/6,162.38,,860,
2008/6/13,162.92,,870,
2008/6/20,,,870,
2008/6/27,159.42,,870,
2008/7/4,158.68,,886,
2008/7/11,158.82,,892,
2008/7/18,,,907,
2008/7/25,,,886,
2008/7/30,,,886,
2008/8/1,156.61,,,
2008/8/7,,,889,
2008/8/8,155.75,,,
2008/8/15,153.59,,880,
2008/8/22,150.21,,845,
2008/8/29,145.95,,826,
2008/9/5,145.55,,830,
2008/9/11,,,811,
2008/9/19,141.66,,738,
2008/9/26,139.39,,675,
2008/10/3,,,526,
2008/10/10,131.57,,585,
2008/10/17,112.25,,526,
2008/10/24,105.94,,512,
2008/10/31,104.38,,512,
2008/11/7,107.05,,512,
2008/11/14,105.26,,497,
2008/11/21,104.01,,526,
2008/11/28,104.55,,534,
2008/12/5,106.28,,542,
2008/12/12,106.71,,539,
2008/12/19,106.25,,539,
2008/12/26,105.74,,549,
2009/1/4,,,609,
2009/1/9,108.44,,609,
2009/1/15,,,609,
2009/1/16,109.52,,,
2009/1/22,,,613,
2009/1/23,110.4,,,
2009/2/2,,,618,
2009/2/6,112.56,,618,
2009/2/13,112.7,,589,
2009/2/20,109.35,,548,
2009/2/27,105.09,,523,
2009/3/6,102.24,,,
2009/3/9,,,512,
2009/3/13,100.48,,504,
2009/3/20,98.47,,504,
2009/3/26,,,504,
2009/3/27,97.44,3562.22 ,,
2009/3/30,,3545.71 ,,
2009/3/31,,3550.57 ,,
2009/4/1,,3549.09 ,,
2009/4/2,,3475.11 ,483,
2009/4/3,98.24,3450.32 ,,
2009/4/7,,3492.95 ,,
2009/4/8,,3465.28 ,,
2009/4/9,,3470.01 ,476,
2009/4/10,96.65,3486.34 ,,
2009/4/13,,3471.55 ,,
2009/4/14,,3561.69 ,,
2009/4/15,,3564.40 ,,
2009/4/16,,3598.30 ,,
2009/4/17,96.36,3622.53 ,471,
2009/4/20,,3625.24 ,,
2009/4/21,,3526.32 ,,
2009/4/22,,3528.33 ,,
2009/4/23,,3515.54 ,,
2009/4/24,98.72,3503.51 ,482,
2009/4/27,,3501.47 ,,
2009/4/28,,3509.12 ,,
2009/4/29,,3522.04 ,495,
2009/4/30,,3554.52 ,,
2009/5/1,98.72,,,
2009/5/4,,3637.43 ,,
2009/5/5,,3579.01 ,,
2009/5/6,,3596.05 ,,
2009/5/7,,3594.97 ,493,
2009/5/8,100.14,3615.66 ,,
2009/5/11,,3640.22 ,,
2009/5/12,,3646.29 ,,
2009/5/13,,3640.42 ,509,
2009/5/14,,3595.80 ,,
2009/5/15,102.07,3605.63 ,,
2009/5/18,,3609.53 ,,
2009/5/19,,3619.78 ,,
2009/5/20,,3619.62 ,,
2009/5/21,,3625.47 ,513,
2009/5/22,102.64,3619.67 ,,
2009/5/25,,3610.75 ,,
2009/5/26,,3603.03 ,,
2009/5/27,,3611.95 ,513,
2009/5/29,103.89,,,
2009/6/1,,3648.70 ,,
2009/6/2,,3656.86 ,,
2009/6/3,,3671.88 ,,
2009/6/4,,3701.72 ,524,
2009/6/5,104.26,3757.61 ,,
2009/6/8,,3789.69 ,,
2009/6/9,,3780.94 ,,
2009/6/10,,3810.18 ,,
2009/6/11,,3880.29 ,,
2009/6/12,105.09,3866.53 ,537,
2009/6/15,,3851.11 ,,
2009/6/16,,3867.66 ,,
2009/6/17,,3854.82 ,,
2009/6/18,,3845.05 ,548,
2009/6/19,105.26,3909.10 ,,
2009/6/22,,3921.73 ,,
2009/6/23,,3884.13 ,,
2009/6/24,,3872.77 ,,
2009/6/25,,3869.10 ,558,
2009/6/26,107.27,3857.18 ,,
2009/6/29,,3832.36 ,,
2009/6/30,,3827.31 ,,
2009/7/1,,3841.99 ,,
2009/7/2,,3868.10 ,559,
2009/7/3,108.53,3860.67 ,,
2009/7/6,,3866.42 ,,
2009/7/7,,3871.76 ,,
2009/7/8,,3851.54 ,,
2009/7/9,,3866.85 ,,
2009/7/10,110.17,3892.07 ,568,
2009/7/13,,3905.32 ,,
2009/7/14,,3919.15 ,,
2009/7/15,,3995.11 ,,
2009/7/16,,4026.70 ,580,
2009/7/17,111.91,4002.56 ,,
2009/7/20,,4026.00 ,,
2009/7/21,,4033.00 ,,
2009/7/22,,4069.58 ,,
2009/7/23,,4120.76 ,596,
2009/7/24,113.55,4184.09 ,,
2009/7/27,,4239.67 ,,
2009/7/28,,4329.94 ,,
2009/7/29,,4386.57 ,,
2009/7/30,,4440.08 ,607,
2009/7/31,118.98,4622.99 ,,
2009/8/3,,4861.00 ,,
2009/8/4,,4842.58 ,,
2009/8/5,,4875.89 ,,
2009/8/6,,4866.90 ,640,
2009/8/7,131.57,4680.17 ,,
2009/8/10,,4656.55 ,,
2009/8/11,,4675.73 ,,
2009/8/12,,4611.52 ,,
2009/8/13,,4632.84 ,615,
2009/8/14,126.6,4526.42 ,,
2009/8/17,,4449.33 ,,
2009/8/18,,4427.88 ,,
2009/8/19,,4227.50 ,,
2009/8/20,,4289.11 ,,
2009/8/21,119.04,4338.85 ,578,
2009/8/24,,4329.42 ,,
2009/8/25,,4245.99 ,,
2009/8/26,,4274.03 ,,
2009/8/27,,4275.76 ,565,
2009/8/28,113.55,4274.68 ,,
2009/8/31,,4127.24 ,,
2009/9/1,,4078.13 ,,
2009/9/2,,4035.86 ,,
2009/9/3,,4046.55 ,551,
2009/9/4,110.17,4029.95 ,,
2009/9/7,,3916.41 ,,
2009/9/8,,3936.86 ,,
2009/9/9,,4028.50 ,,
2009/9/10,,3997.38 ,,
2009/9/11,104.35,3965.98 ,548,
2009/9/14,,3963.14 ,,
2009/9/15,,3959.86 ,,
2009/9/16,,4027.73 ,,
2009/9/17,,3980.97 ,542,
2009/9/18,104.77,3964.70 ,,
2009/9/21,,3988.84 ,,
2009/9/22,,3952.86 ,,
2009/9/23,,3892.76 ,,
2009/9/24,,3859.18 ,,
2009/9/25,104.63,3824.24 ,521,
2009/9/28,,3664.03 ,,
2009/9/29,,3715.11 ,,
2009/9/30,,3705.80 ,,
2009/10/9,,3659.57 ,518,
2009/10/12,,3676.83 ,,
2009/10/13,,3651.22 ,,
2009/10/14,,3665.95 ,,
2009/10/15,,3739.08 ,,
2009/10/16,101.51,3814.13 ,518,
2009/10/19,,3853.29 ,,
2009/10/20,,3834.55 ,,
2009/10/21,,3879.05 ,528,
2009/10/22,,3851.50 ,,
2009/10/23,102.19,3885.93 ,,
2009/10/26,,3996.00 ,,
2009/10/27,,3972.56 ,,
2009/10/28,,3872.31 ,,
2009/10/29,,3842.67 ,,
2009/10/30,103.13,3882.68 ,540,
2009/11/2,,3926.97 ,,
2009/11/3,,3905.44 ,,
2009/11/4,,3922.12 ,,
2009/11/5,,3947.69 ,,
2009/11/6,103.86,4012.73 ,540,
2009/11/9,,4089.57 ,,
2009/11/10,,4079.16 ,,
2009/11/11,,4082.36 ,,
2009/11/12,,4064.25 ,,
2009/11/13,105.63,4107.87 ,554,
2009/11/16,,4112.08 ,,
2009/11/17,,4119.25 ,,
2009/11/18,,4143.73 ,,
2009/11/19,,4209.97 ,,
2009/11/20,105.97,4199.72 ,567,
2009/11/23,,4263.10 ,,
2009/11/24,,4215.62 ,,
2009/11/25,,4258.42 ,,
2009/11/26,,4245.14 ,,
2009/11/27,106.82,4114.59 ,562,
2009/11/30,,4190.70 ,,
2009/12/1,,4192.23 ,,
2009/12/2,,4219.82 ,,
2009/12/3,,4229.21 ,,
2009/12/4,106.71,4231.76 ,565,
2009/12/7,,4236.78 ,,
2009/12/8,,4201.22 ,,
2009/12/9,,4161.72 ,,
2009/12/10,,4229.00 ,557,
2009/12/11,107.25,4291.25 ,,
2009/12/14,,4328.93 ,,
2009/12/15,,4303.76 ,,
2009/12/16,,4308.69 ,,
2009/12/17,,4306.27 ,562,
2009/12/18,107.19,4299.20 ,,
2009/12/21,,4336.94 ,,
2009/12/22,,4333.80 ,,
2009/12/23,,4337.90 ,,
2009/12/24,,4394.77 ,569,
2009/12/25,107.99,4395.31 ,,
2009/12/28,,4464.18 ,,
2009/12/29,,4439.66 ,,
2009/12/30,,4427.18 ,575,
2009/12/31,109.32,4450.85 ,,
2010/1/4,,4517.99 ,,
2010/1/5,,4533.12 ,,
2010/1/6,,4572.94 ,,
2010/1/7,,4463.67 ,,
2010/1/8,111.85,4455.07 ,584,
2010/1/11,,4519.17 ,,
2010/1/12,,4513.43 ,,
2010/1/13,,4428.08 ,,
2010/1/14,,4444.41 ,,
2010/1/15,112.33,4386.62 ,584,
2010/1/18,,4413.64 ,,
2010/1/19,,4406.99 ,,
2010/1/20,,4389.29 ,,
2010/1/21,,4381.20 ,,
2010/1/22,111.34,4311.27 ,565,
2010/1/25,,4302.32 ,,
2010/1/26,,4294.11 ,,
2010/1/27,,4340.72 ,560,
2010/1/28,,4319.28 ,,
2010/1/29,110.83,4329.01 ,,
2010/2/1,,4324.06 ,,
2010/2/2,,4200.49 ,,
2010/2/3,,4227.43 ,,
2010/2/4,,4168.88 ,,
2010/2/5,110.12,4161.85 ,565,
2010/2/8,,4183.60 ,,
2010/2/9,,4208.88 ,,
2010/2/10,,4264.16 ,567,
2010/2/11,,4288.28 ,,
2010/2/12,109.66,4357.57 ,,
2010/2/20,,,567,
2010/2/22,,4313.66 ,,
2010/2/23,,4364.06 ,,
2010/2/24,,4345.81 ,,
2010/2/25,,4328.05 ,579,
2010/2/26,110.6,4353.97 ,,
2010/3/1,,4395.72 ,,
2010/3/2,,4351.83 ,,
2010/3/3,,4344.88 ,,
2010/3/4,,4326.01 ,,
2010/3/5,110.32,4359.09 ,586,
2010/3/8,,4426.10 ,,
2010/3/9,,4454.79 ,,
2010/3/10,,4482.74 ,,
2010/3/11,,4505.33 ,,
2010/3/12,110.37,4519.30 ,612,
2010/3/15,,4530.62 ,,
2010/3/16,,4680.30 ,,
2010/3/17,,4677.57 ,,
2010/3/18,,4647.99 ,,
2010/3/19,116.34,4678.37 ,627,
2010/3/22,,4696.15 ,,
2010/3/23,,4678.53 ,,
2010/3/24,,4714.22 ,,
2010/3/25,,4734.74 ,634,
2010/3/26,119.49,4741.75 ,,
2010/3/29,,4761.10 ,,
2010/3/30,,4718.54 ,,
2010/3/31,,4711.14 ,,
2010/4/1,,4711.12 ,645,
2010/4/2,126.4,4742.86 ,,
2010/4/6,,4782.36 ,,
2010/4/7,,4809.11 ,,
2010/4/8,,4777.04 ,,
2010/4/9,128.45,4817.21 ,662,
2010/4/12,,4843.58 ,,
2010/4/13,,4855.93 ,,
2010/4/14,,4835.52 ,,
2010/4/15,,4801.79 ,,
2010/4/16,131.37,4821.85 ,686,
2010/4/19,,4738.11 ,,
2010/4/20,,4758.28 ,,
2010/4/21,,4746.39 ,,
2010/4/22,,4724.27 ,,
2010/4/23,131.51,4729.09 ,684,
2010/4/26,,4723.35 ,,
2010/4/27,,4668.49 ,,
2010/4/28,,4581.72 ,,
2010/4/29,,4576.61 ,674,
2010/4/30,130.04,4627.56 ,,
2010/5/4,,4658.23 ,,
2010/5/5,,4645.77 ,,
2010/5/6,,4628.41 ,,
2010/5/7,129.7,4538.59 ,678,
2010/5/10,,4527.29 ,,
2010/5/11,,4473.03 ,,
2010/5/12,,4400.96 ,,
2010/5/13,,4395.31 ,,
2010/5/14,128.3,4363.93 ,656,
2010/5/17,,4182.58 ,,
2010/5/18,,4211.28 ,,
2010/5/19,,4224.81 ,,
2010/5/20,,4252.51 ,,
2010/5/21,119.38,4230.29 ,630,
2010/5/24,,4319.17 ,,
2010/5/25,,4267.02 ,,
2010/5/26,,4275.04 ,,
2010/5/27,,4272.79 ,,
2010/5/28,119.89,4259.19 ,634,
2010/5/31,,4218.81 ,,
2010/6/1,,4181.29 ,,
2010/6/2,,4188.92 ,,
2010/6/3,,4203.69 ,,
2010/6/4,117.87,4184.91 ,641,
2010/6/7,,4027.38 ,,
2010/6/8,,4067.03 ,,
2010/6/9,,4107.09 ,,
2010/6/10,,4089.17 ,,
2010/6/11,115.91,4118.53 ,637,
2010/6/17,,4120.33 ,,
2010/6/18,115.54,4100.46 ,637,
2010/6/21,,4173.65 ,,
2010/6/22,,4150.02 ,,
2010/6/23,,4095.08 ,,
2010/6/24,,4115.79 ,,
2010/6/25,114.46,4098.25 ,638,
2010/6/28,,4054.81 ,,
2010/6/29,,4012.81 ,,
2010/6/30,,4006.45 ,,
2010/7/1,,3985.36 ,637,
2010/7/2,113.98,4002.63 ,,
2010/7/5,,4019.63 ,,
2010/7/6,,4000.33 ,,
2010/7/7,,4000.64 ,,
2010/7/8,,3973.33 ,,
2010/7/9,111.17,3994.74 ,615,
2010/7/12,,4009.45 ,,
2010/7/13,,3983.03 ,,
2010/7/14,,3984.78 ,,
2010/7/15,,3982.44 ,,
2010/7/16,109.89,3995.57 ,605,
2010/7/19,,4067.02 ,,
2010/7/20,,4122.39 ,,
2010/7/21,,4120.88 ,,
2010/7/22,,4120.68 ,,
2010/7/23,111.85,4174.38 ,634,
2010/7/26,,4166.36 ,,
2010/7/27,,4113.20 ,,
2010/7/28,,4177.69 ,,
2010/7/29,,4174.24 ,,
2010/7/30,114.78,4241.27 ,643,
2010/8/2,,4288.41 ,,
2010/8/3,,4261.17 ,,
2010/8/4,,4287.07 ,,
2010/8/5,,4268.45 ,648,
2010/8/6,118.33,4284.21 ,,
2010/8/9,,4348.50 ,,
2010/8/10,,4329.59 ,,
2010/8/11,,4336.14 ,,
2010/8/12,,4279.31 ,,
2010/8/13,119.04,4312.87 ,638,
2010/8/16,,4340.50 ,,
2010/8/17,,4348.41 ,,
2010/8/18,,4342.83 ,,
2010/8/19,,4348.20 ,647,
2010/8/20,119.78,4298.55 ,,
2010/8/23,,4251.43 ,,
2010/8/24,,4231.69 ,,
2010/8/25,,4219.55 ,,
2010/8/26,,4251.34 ,632,
2010/8/27,119.35,4263.74 ,,
2010/8/30,,4327.29 ,,
2010/8/31,,4311.13 ,,
2010/9/1,,4350.10 ,,
2010/9/2,,4385.33 ,644,
2010/9/3,119.15,4365.23 ,,
2010/9/6,,4584.72 ,,
2010/9/7,,4570.56 ,,
2010/9/8,,4543.35 ,,
2010/9/9,,4446.56 ,,
2010/9/10,127.22,4499.81 ,663,
2010/9/13,,4488.58 ,,
2010/9/14,,4427.23 ,,
2010/9/15,,4425.05 ,,
2010/9/16,,4374.97 ,,
2010/9/17,127,4371.47 ,648,
2010/9/20,,4389.13 ,,
2010/9/21,,4333.41 ,648,
2010/9/24,124.01,,,
2010/9/27,,4279.97 ,,
2010/9/28,,4277.43 ,,
2010/9/29,,4269.40 ,641,
2010/9/30,122.55,4291.78 ,,
2010/10/8,,4324.00 ,,
2010/10/9,122.49,,655,
2010/10/11,,4413.58 ,,
2010/10/12,,4378.55 ,,
2010/10/13,,4426.99 ,,
2010/10/14,,4400.58 ,655,
2010/10/15,122.49,4429.46 ,,
2010/10/18,,4459.83 ,,
2010/10/19,,4433.10 ,,
2010/10/20,,4376.61 ,,
2010/10/21,,4383.47 ,,
2010/10/22,122.49,4370.42 ,655,
2010/10/25,,4464.08 ,,
2010/10/26,,4434.64 ,,
2010/10/27,,4448.08 ,,
2010/10/28,,4465.84 ,655,
2010/10/29,122.61,4466.18 ,,
2010/11/1,,4515.97 ,,
2010/11/2,,4507.58 ,,
2010/11/3,,4518.52 ,,
2010/11/4,,4577.43 ,,
2010/11/5,123.2,4685.96 ,659,
2010/11/8,,4686.17 ,,
2010/11/9,,4832.51 ,,
2010/11/10,,4751.88 ,,
2010/11/11,,4774.60 ,662,
2010/11/12,128.25,4625.25 ,,
2010/11/15,,4653.47 ,,
2010/11/16,,4634.84 ,,
2010/11/17,,4541.72 ,,
2010/11/18,,4602.46 ,,
2010/11/19,128.56,4636.76 ,662,
2010/11/22,,4638.84 ,,
2010/11/23,,4604.26 ,,
2010/11/24,,4690.51 ,,
2010/11/25,,4681.00 ,,
2010/11/26,129.76,4649.71 ,662,
2010/11/29,,4668.11 ,,
2010/11/30,,4638.94 ,,
2010/12/1,,4679.68 ,,
2010/12/2,,4688.51 ,,
2010/12/3,130.9,4729.79 ,668,
2010/12/6,,4722.06 ,,
2010/12/7,,4762.34 ,,
2010/12/8,,4716.46 ,,
2010/12/9,,4720.99 ,671,
2010/12/10,131.81,4732.33 ,,
2010/12/13,,4781.97 ,,
2010/12/14,,4785.93 ,,
2010/12/15,,4776.70 ,,
2010/12/16,,4771.13 ,,
2010/12/17,132.98,4794.68 ,680,
2010/12/20,,4805.21 ,,
2010/12/21,,4826.41 ,,
2010/12/22,,4799.79 ,,
2010/12/23,,4780.77 ,,
2010/12/24,133.92,4770.01 ,688,
2010/12/27,,4742.15 ,,
2010/12/28,,4751.99 ,,
2010/12/29,,4777.39 ,,
2010/12/30,,4798.66 ,691,
2010/12/31,133.41,4822.07 ,,
2011/1/4,,4833.44 ,,
2011/1/5,,4811.30 ,,
2011/1/6,,4832.11 ,706,
2011/1/7,134.06,4816.38 ,,
2011/1/10,,4869.11 ,,
2011/1/11,,4882.62 ,,
2011/1/12,,4885.36 ,,
2011/1/13,,4910.63 ,718,
2011/1/14,134.41,4944.32 ,,
2011/1/17,,4952.98 ,,
2011/1/18,,4948.29 ,,
2011/1/19,,4965.93 ,,
2011/1/20,,4952.89 ,725,
2011/1/21,136.2,4986.56 ,,
2011/1/24,,5005.92 ,,
2011/1/25,,5013.79 ,,
2011/1/26,,4992.09 ,,
2011/1/27,,4976.62 ,740,
2011/1/28,137.66,4983.19 ,,
2011/1/31,,5048.08 ,,
2011/2/1,,5073.38 ,,
2011/2/9,,5073.27 ,,
2011/2/10,,5139.52 ,,
2011/2/11,139.11,5130.60 ,753,
2011/2/14,,5118.89 ,,
2011/2/15,,5124.95 ,,
2011/2/16,,5074.83 ,,
2011/2/17,,4994.15 ,,
2011/2/18,141.36,4967.14 ,744,
2011/2/21,,5006.99 ,,
2011/2/22,,4988.74 ,,
2011/2/23,,4935.82 ,,
2011/2/24,,4890.14 ,,
2011/2/25,140.28,4868.88 ,733,
2011/2/28,,4899.05 ,,
2011/3/1,,4836.71 ,,
2011/3/2,,4849.49 ,,
2011/3/3,,4816.67 ,,
2011/3/4,138.77,4819.38 ,727,
2011/3/7,,4833.82 ,,
2011/3/8,,4777.10 ,,
2011/3/9,,4774.33 ,,
2011/3/10,,4680.38 ,,
2011/3/11,136.12,4656.30 ,707,
2011/3/14,,4731.19 ,,
2011/3/15,,4772.56 ,,
2011/3/16,,4830.65 ,,
2011/3/17,,4817.15 ,,
2011/3/18,134.64,4756.08 ,723,
2011/3/21,,4653.88 ,,
2011/3/22,,4649.91 ,,
2011/3/23,,4728.44 ,,
2011/3/24,,4717.94 ,,
2011/3/25,134.12,4730.30 ,727,
2011/3/28,,4778.52 ,,
2011/3/29,,4812.75 ,,
2011/3/30,,4793.27 ,,
2011/3/31,,4793.50 ,727,
2011/4/1,135.49,4779.86 ,,
2011/4/6,,4872.74 ,,
2011/4/7,,4883.10 ,738,
2011/4/8,136.35,4905.45 ,,
2011/4/11,,4919.08 ,,
2011/4/12,,4902.48 ,,
2011/4/13,,4921.45 ,,
2011/4/14,,4906.80 ,,
2011/4/15,138.8,4827.16 ,749,
2011/4/18,,4844.26 ,,
2011/4/19,,4774.71 ,,
2011/4/20,,4814.68 ,,
2011/4/21,,4849.39 ,,
2011/4/22,138.34,4873.08 ,749,
2011/4/25,,4878.91 ,,
2011/4/26,,4896.14 ,,
2011/4/27,,4885.46 ,,
2011/4/28,,4906.63 ,,
2011/4/29,140.19,4915.41 ,753,
2011/5/3,,4953.60 ,,
2011/5/4,,4941.38 ,,
2011/5/5,,4914.15 ,,
2011/5/6,142.56,4805.49 ,759,
2011/5/9,,4829.88 ,,
2011/5/10,,4849.44 ,,
2011/5/11,,4822.65 ,,
2011/5/12,,4783.62 ,,
2011/5/13,143.02,4851.49 ,758,
2011/5/16,,4819.65 ,,
2011/5/17,,4823.78 ,,
2011/5/18,,4814.82 ,,
2011/5/19,,4830.90 ,,
2011/5/20,143.27,4826.14 ,751,
2011/5/23,,4780.14 ,,
2011/5/24,,4809.22 ,,
2011/5/25,,4824.49 ,,
2011/5/26,,4829.78 ,751,
2011/5/27,143.22,4838.91 ,,
2011/5/30,,4876.16 ,,
2011/5/31,,4877.37 ,,
2011/6/1,,4868.61 ,,
2011/6/2,,4863.59 ,,
2011/6/3,143.33,4869.85 ,753,
2011/6/7,,4866.78 ,,
2011/6/8,,4871.77 ,,
2011/6/9,,4851.96 ,,
2011/6/10,143.42,4855.80 ,753,
2011/6/13,,4809.98 ,,
2011/6/14,,4815.20 ,,
2011/6/15,,4799.57 ,,
2011/6/16,,4784.06 ,,
2011/6/17,143.76,4734.32 ,748,
2011/6/20,,4690.56 ,,
2011/6/21,,4713.69 ,,
2011/6/22,,4694.76 ,,
2011/6/23,,4733.33 ,,
2011/6/24,141.19,4731.13 ,740,
2011/6/27,,4703.21 ,,
2011/6/28,,4706.29 ,,
2011/6/29,,4725.91 ,,
2011/6/30,,4752.12 ,,
2011/7/1,140.74,4725.97 ,742,
2011/7/4,,4794.28 ,,
2011/7/5,,4790.44 ,,
2011/7/6,,4815.72 ,,
2011/7/7,,4811.98 ,,
2011/7/8,140.45,4812.08 ,744,
2011/7/11,,4857.04 ,,
2011/7/12,,4853.48 ,,
2011/7/13,,4886.68 ,,
2011/7/14,,4871.03 ,,
2011/7/15,140.91,4868.64 ,745,
2011/7/18,,4897.79 ,,
2011/7/19,,4913.94 ,,
2011/7/20,,4920.60 ,,
2011/7/21,,4909.89 ,750,
2011/7/22,141.65,4923.16 ,,
2011/7/25,,4870.55 ,,
2011/7/26,,4895.89 ,,
2011/7/27,,4916.36 ,,
2011/7/28,,4931.27 ,,
2011/7/29,142.39,4925.10 ,742,
2011/8/1,,4964.02 ,,
2011/8/2,,4965.71 ,,
2011/8/3,,4965.12 ,,
2011/8/4,,4951.31 ,750,
2011/8/5,143.39,4858.27 ,,
2011/8/8,,4834.60 ,,
2011/8/9,,4802.46 ,,
2011/8/10,,4822.70 ,,
2011/8/11,,4833.38 ,,
2011/8/12,142.53,4847.40 ,745,
2011/8/15,,4880.52 ,,
2011/8/16,,4859.93 ,,
2011/8/17,,4885.22 ,,
2011/8/18,,4852.26 ,,
2011/8/19,143.39,4839.33 ,752,
2011/8/22,,4840.68 ,,
2011/8/23,,4845.74 ,,
2011/8/24,,4845.59 ,,
2011/8/25,,4835.69 ,752,
2011/8/26,142.42,4820.53 ,,
2011/8/29,,4786.86 ,,
2011/8/30,,4826.20 ,,
2011/8/31,,4846.03 ,,
2011/9/1,,4843.29 ,759,
2011/9/2,141.96,4844.50 ,,
2011/9/5,,4813.16 ,,
2011/9/6,,4805.84 ,,
2011/9/7,,4833.67 ,,
2011/9/8,,4813.50 ,759,
2011/9/9,141.79,4799.99 ,,
2011/9/13,,4791.09 ,,
2011/9/14,,4767.14 ,,
2011/9/15,,4751.35 ,,
2011/9/16,141.68,4738.47 ,753,
2011/9/19,,4628.86 ,,
2011/9/20,,4618.73 ,,
2011/9/21,,4640.94 ,745,
2011/9/22,,4576.29 ,,
2011/9/23,139.14,4519.30 ,,
2011/9/26,,4403.57 ,,
2011/9/27,,4451.65 ,,
2011/9/28,,4408.03 ,,
2011/9/29,,4301.04 ,745,
2011/9/30,136.89,4339.63 ,,
2011/10/7,,,737,
2011/10/10,,4319.28 ,,
2011/10/11,,4324.00 ,,
2011/10/12,,4350.43 ,,
2011/10/13,,4319.09 ,734,
2011/10/14,132.7,4315.11 ,,
2011/10/17,,4186.10 ,,
2011/10/18,,4095.54 ,,
2011/10/19,,4055.46 ,,
2011/10/20,,3932.75 ,,
2011/10/21,129.13,3972.21 ,678,
2011/10/24,,4082.77 ,,
2011/10/25,,4037.33 ,,
2011/10/26,,4053.94 ,,
2011/10/27,,4058.07 ,,
2011/10/28,122.38,4145.24 ,687,
2011/10/31,,4127.19 ,,
2011/11/1,,4054.70 ,,
2011/11/2,,4054.36 ,,
2011/11/3,,4024.27 ,,
2011/11/4,124.06,4126.81 ,684,
2011/11/7,,4119.19 ,,
2011/11/8,,4158.73 ,,
2011/11/9,,4187.23 ,,
2011/11/10,,4077.66 ,,
2011/11/11,123.32,4174.84 ,684,
2011/11/14,,4207.82 ,,
2011/11/15,,4173.27 ,,
2011/11/16,,4154.26 ,,
2011/11/17,,4196.66 ,684,
2011/11/18,125.57,4173.92 ,,
2011/11/21,,4103.23 ,,
2011/11/22,,4107.95 ,,
2011/11/23,,4060.61 ,,
2011/11/24,,4092.71 ,,
2011/11/25,125.77,4069.16 ,677,
2011/11/28,,4106.71 ,,
2011/11/29,,4145.79 ,,
2011/11/30,,4095.72 ,,
2011/12/1,,4188.30 ,678,
2011/12/2,124.4,4177.72 ,,
2011/12/5,,4177.44 ,,
2011/12/6,,4172.44 ,,
2011/12/7,,4193.31 ,,
2011/12/8,,4187.88 ,,
2011/12/9,124.37,4180.37 ,682,
2011/12/12,,4178.86 ,,
2011/12/13,,4162.45 ,,
2011/12/14,,4164.11 ,,
2011/12/15,,4135.10 ,,
2011/12/16,123.46,4197.49 ,682,
2011/12/19,,4178.50 ,,
2011/12/20,,4181.27 ,,
2011/12/21,,4187.26 ,,
2011/12/22,,4210.10 ,682,
2011/12/23,123.66,4229.62 ,,
2011/12/26,,4229.58 ,,
2011/12/27,,4238.05 ,,
2011/12/28,,4238.97 ,,
2011/12/29,,4202.44 ,,
2011/12/30,123.4,4209.12 ,681,
2012/1/4,,4159.16 ,,
2012/1/5,,4177.30 ,,
2012/1/6,122.66,4194.34 ,669,
2012/1/9,,4183.77 ,,
2012/1/10,,4213.38 ,,
2012/1/11,,4222.04 ,,
2012/1/12,,4221.02 ,672,
2012/1/13,121.78,4226.79 ,,
2012/1/16,,4236.43 ,,
2012/1/17,,4293.03 ,,
2012/1/18,,4302.83 ,672,
2012/1/19,,4312.17 ,,
2012/1/20,121.32,4324.41 ,,
2012/1/30,,4321.37 ,,
2012/1/31,,4298.88 ,,
2012/2/1,,4286.95 ,,
2012/2/2,,4319.13 ,,
2012/2/3,122.38,4333.39 ,676,
2012/2/6,,4330.71 ,,
2012/2/7,,4275.72 ,,
2012/2/8,,4337.11 ,,
2012/2/9,,4299.09 ,,
2012/2/10,121.86,4287.54 ,676,
2012/2/13,,4262.95 ,,
2012/2/14,,4254.33 ,,
2012/2/15,,4194.65 ,,
2012/2/16,,4171.68 ,667,
2012/2/17,119.64,4158.06 ,,
2012/2/20,,4179.78 ,,
2012/2/21,,4229.48 ,,
2012/2/22,,4246.58 ,,
2012/2/23,,4230.10 ,,
2012/2/24,119.98,4230.12 ,672,
2012/2/27,,4279.83 ,,
2012/2/28,,4293.19 ,,
2012/2/29,,4297.54 ,,
2012/3/1,,4279.20 ,,
2012/3/2,121.15,4295.00 ,676,
2012/3/5,,4264.43 ,,
2012/3/6,,4264.35 ,,
2012/3/7,,4250.34 ,,
2012/3/8,,4277.44 ,,
2012/3/9,122.89,4312.97 ,678,
2012/3/12,,4327.77 ,,
2012/3/13,,4332.70 ,,
2012/3/14,,4317.57 ,,
2012/3/15,,4331.22 ,681,
2012/3/16,124.2,4329.26 ,,
2012/3/19,,4337.06 ,,
2012/3/20,,4328.02 ,,
2012/3/21,,4353.05 ,,
2012/3/22,,4349.64 ,,
2012/3/23,124.2,4341.99 ,681,
2012/3/26,,4348.80 ,,
2012/3/27,,4362.11 ,,
2012/3/28,,4340.10 ,,
2012/3/29,,4317.19 ,,
2012/3/30,124.52,4320.92 ,681,
2012/4/5,,4349.78 ,,
2012/4/6,124.69,4379.73 ,685,
2012/4/9,,4374.80 ,,
2012/4/10,,4380.20 ,,
2012/4/11,,4374.21 ,,
2012/4/12,,4389.95 ,,
2012/4/13,125.48,4375.05 ,688,
2012/4/16,,4327.95 ,,
2012/4/17,,4320.32 ,,
2012/4/18,,4339.68 ,,
2012/4/19,,4312.89 ,,
2012/4/20,125.2,4310.96 ,687,
2012/4/23,,4280.02 ,,
2012/4/24,,4268.96 ,,
2012/4/25,,4272.65 ,,
2012/4/26,,4288.34 ,,
2012/4/27,124.09,4266.63 ,683,
2012/5/2,,4244.38 ,,
2012/5/3,,4238.44 ,683,
2012/5/4,123.4,4254.98 ,,
2012/5/7,,4220.95 ,,
2012/5/8,,4212.57 ,,
2012/5/9,,4185.20 ,,
2012/5/10,,4189.76 ,,
2012/5/11,122.41,4149.44 ,669,
2012/5/14,,4133.97 ,,
2012/5/15,,4088.22 ,,
2012/5/16,,4048.57 ,,
2012/5/17,,4089.57 ,,
2012/5/18,120.38,4071.44 ,658,
2012/5/21,,4087.98 ,,
2012/5/22,,4073.14 ,,
2012/5/23,,4018.95 ,,
2012/5/24,,4026.07 ,,
2012/5/25,118.56,4036.89 ,654,
2012/5/28,,4089.62 ,,
2012/5/29,,4114.49 ,,
2012/5/30,,4099.50 ,,
2012/5/31,,4101.62 ,,
2012/6/1,117.73,4094.14 ,655,
2012/6/4,,4031.20 ,,
2012/6/5,,4081.86 ,,
2012/6/6,,4093.01 ,,
2012/6/7,,4098.31 ,,
2012/6/8,117.25,4104.28 ,655,
2012/6/11,,4118.63 ,,
2012/6/12,,4095.58 ,,
2012/6/13,,4098.11 ,655,
2012/6/14,,4105.96 ,,
2012/6/15,117.56,4117.83 ,,
2012/6/18,,4125.71 ,,
2012/6/19,,4122.89 ,,
2012/6/20,,4140.09 ,,
2012/6/21,,4115.31 ,651,
2012/6/22,117.25,,,
2012/6/25,,4102.26 ,,
2012/6/26,,4073.32 ,,
2012/6/27,,4059.34 ,,
2012/6/28,,4079.94 ,,
2012/6/29,117.42,4060.20 ,644,
2012/7/2,,4033.11 ,,
2012/7/3,,4069.29 ,,
2012/7/4,,4079.23 ,,
2012/7/5,,4085.31 ,,
2012/7/6,116.08,4078.47 ,643,
2012/7/9,,4035.56 ,,
2012/7/10,,3967.38 ,,
2012/7/11,,3955.04 ,,
2012/7/12,,3945.75 ,,
2012/7/13,114.45,3962.64 ,628,
2012/7/16,,3906.48 ,,
2012/7/17,,3873.21 ,,
2012/7/18,,3877.01 ,,
2012/7/19,,3838.25 ,,
2012/7/20,112.71,3760.00 ,600,
2012/7/23,,3706.88 ,,
2012/7/24,,3722.56 ,,
2012/7/25,,3718.07 ,,
2012/7/26,,3733.72 ,,
2012/7/27,107.73,3773.86 ,582,
2012/7/30,,3769.06 ,,
2012/7/31,,3782.29 ,,
2012/8/1,,3712.92 ,,
2012/8/2,,3680.62 ,,
2012/8/3,107.27,3680.30 ,568,
2012/8/6,,3690.31 ,,
2012/8/7,,3693.65 ,,
2012/8/8,,3673.66 ,,
2012/8/9,,3695.79 ,565,
2012/8/10,104.9,3724.09 ,,
2012/8/13,,3687.64 ,,
2012/8/14,,3670.85 ,,
2012/8/15,,3673.48 ,,
2012/8/16,,3663.02 ,,
2012/8/17,105.16,3630.70 ,568,
2012/8/20,,3611.77 ,,
2012/8/21,,3596.11 ,,
2012/8/22,,3563.26 ,,
2012/8/23,,3547.03 ,,
2012/8/24,103.93,3514.26 ,549,
2012/8/27,,3518.74 ,,
2012/8/28,,3462.53 ,,
2012/8/29,,3452.75 ,,
2012/8/30,,3448.07 ,540,
2012/8/31,102,3419.76 ,,
2012/9/3,,3359.86 ,,
2012/9/4,,3289.72 ,,
2012/9/5,,3235.11 ,,
2012/9/6,,3279.90 ,,
2012/9/7,100.4,3414.42 ,517,
2012/9/10,,3502.16 ,,
2012/9/11,,3469.18 ,,
2012/9/12,,3466.12 ,,
2012/9/13,,3462.63 ,,
2012/9/14,100.74,3567.08 ,546,
2012/9/17,,3562.53 ,,
2012/9/18,,3589.96 ,,
2012/9/19,,3643.52 ,,
2012/9/20,,3492.83 ,586,
2012/9/21,102.68,3487.95 ,,
2012/9/24,,3552.74 ,,
2012/9/25,,3555.45 ,,
2012/9/26,,3538.52 ,,
2012/9/27,,3576.85 ,,
2012/9/28,104.9,3604.96 ,574,
2012/10/8,,3661.36 ,,
2012/10/9,,3676.54 ,,
2012/10/10,,3690.26 ,,
2012/10/11,,3641.85 ,600,
2012/10/12,108.61,3643.92 ,,
2012/10/15,,3576.11 ,,
2012/10/16,,3602.93 ,,
2012/10/17,,3645.97 ,,
2012/10/18,,3658.55 ,603,
2012/10/19,108.61,3647.31 ,,
2012/10/22,,3708.42 ,,
2012/10/23,,3649.80 ,,
2012/10/24,,3670.28 ,,
2012/10/25,,3666.99 ,,
2012/10/26,109.75,3671.16 ,603,
2012/10/29,,3621.77 ,,
2012/10/30,,3625.82 ,,
2012/10/31,,3631.58 ,,
2012/11/1,,3674.11 ,,
2012/11/2,110.32,3673.08 ,613,
2012/11/5,,3642.11 ,,
2012/11/6,,3642.83 ,,
2012/11/7,,3638.28 ,621,
2012/11/8,,3631.05 ,,
2012/11/9,109.92,3645.30 ,,
2012/11/12,,3677.98 ,,
2012/11/13,,3657.33 ,,
2012/11/14,,3650.68 ,,
2012/11/15,,3652.18 ,,
2012/11/16,108.72,3651.26 ,642,
2012/11/19,,3555.90 ,,
2012/11/20,,3563.15 ,,
2012/11/21,,3580.79 ,,
2012/11/22,,3575.05 ,,
2012/11/23,107.87,3581.79 ,631,
2012/11/26,,3563.59 ,,
2012/11/27,,3546.45 ,,
2012/11/28,,3533.70 ,,
2012/11/29,,3476.53 ,,
2012/11/30,106.73,3501.93 ,631,
2012/12/3,,3553.98 ,,
2012/12/4,,3563.37 ,,
2012/12/5,,3619.62 ,,
2012/12/6,,3596.70 ,,
2012/12/7,104.02,3656.02 ,631,
2012/12/10,,3679.48 ,,
2012/12/11,,3665.10 ,,
2012/12/12,,3691.32 ,,
2012/12/13,,3684.80 ,,
2012/12/14,104.45,3785.48 ,634,
2012/12/17,,3811.72 ,,
2012/12/18,,3819.03 ,,
2012/12/19,,3817.21 ,,
2012/12/20,,3787.96 ,,
2012/12/21,105.76,3791.82 ,642,
2012/12/24,,3789.00 ,,
2012/12/25,,3871.75 ,,
2012/12/26,,3876.65 ,,
2012/12/27,,3867.74 ,,
2012/12/28,105.13,3913.34 ,648,
2012/12/31,,3985.48 ,,
2013/1/4,,3988.02 ,,
2013/1/5,,,655,
2013/1/6,108.58,,,
2013/1/7,,4002.48 ,,
2013/1/8,,4008.35 ,,
2013/1/9,,3996.53 ,,
2013/1/10,,4018.23 ,,
2013/1/11,109.75,3924.23 ,666,
2013/1/14,,4002.48 ,,
2013/1/15,,3976.32 ,,
2013/1/16,,3934.63 ,,
2013/1/17,,3946.77 ,,
2013/1/18,108.87,4002.38 ,669,
2013/1/21,,3966.05 ,,
2013/1/22,,3987.98 ,,
2013/1/23,,4053.71 ,,
2013/1/24,,4033.13 ,,
2013/1/25,107.47,4077.79 ,669,
2013/1/28,,4072.07 ,,
2013/1/29,,4073.18 ,,
2013/1/30,,4119.48 ,,
2013/1/31,,4133.23 ,,
2013/2/1,107.95,4174.24 ,680,
2013/2/4,,4226.86 ,,
2013/2/5,,4187.02 ,,
2013/2/6,,4147.44 ,687,
2013/2/7,,4183.37 ,,
2013/2/8,110.12,4201.93 ,,
2013/2/16,,,693,
2013/2/18,,4120.74 ,,
2013/2/19,,4146.98 ,,
2013/2/20,,4142.92 ,,
2013/2/21,,4061.35 ,,
2013/2/22,112.26,4016.93 ,666,
2013/2/25,,3995.53 ,,
2013/2/26,,3943.34 ,,
2013/2/27,,3972.50 ,,
2013/2/28,,4037.83 ,653,
2013/3/1,110.52,4007.24 ,,
2013/3/4,,3899.67 ,,
2013/3/5,,3934.84 ,,
2013/3/6,,3933.64 ,,
2013/3/7,,3928.47 ,,
2013/3/8,109.49,3925.64 ,651,
2013/3/11,,3906.06 ,,
2013/3/12,,3891.57 ,,
2013/3/13,,3830.73 ,,
2013/3/14,,3763.83 ,,
2013/3/15,108.15,3857.07 ,624,
2013/3/18,,3827.07 ,,
2013/3/19,,3840.81 ,,
2013/3/20,,3867.30 ,,
2013/3/21,,3899.45 ,,
2013/3/22,107.35,3875.09 ,634,
2013/3/25,,3909.12 ,,
2013/3/26,,3879.76 ,,
2013/3/27,,3887.02 ,,
2013/3/28,,3822.59 ,,
2013/3/29,106.47,3808.45 ,617,
2013/4/1,,3721.67 ,,
2013/4/2,,3767.56 ,,
2013/4/3,,3796.75 ,,
2013/4/5,106.53,,,
2013/4/6,,,613,
2013/4/8,,3833.19 ,,
2013/4/9,,3844.94 ,,
2013/4/10,,3844.52 ,,
2013/4/11,,3822.82 ,,
2013/4/12,106.53,3835.84 ,626,
2013/4/15,,3736.64 ,,
2013/4/16,,3748.13 ,,
2013/4/17,,3697.81 ,,
2013/4/18,,3649.76 ,,
2013/4/19,105.99,3684.52 ,602,
2013/4/22,,3645.98 ,,
2013/4/23,,3599.32 ,,
2013/4/24,,3644.01 ,,
2013/4/25,,3646.99 ,,
2013/4/26,105.07,3599.89 ,600,
2013/5/2,,3542.07 ,,
2013/5/3,104.3,3580.99 ,,
2013/5/6,,3621.77 ,,
2013/5/7,,3623.97 ,,
2013/5/8,,3668.71 ,,
2013/5/9,,3620.85 ,,
2013/5/10,103.99,3638.77 ,585,
2013/5/13,,3656.14 ,,
2013/5/14,,3632.88 ,,
2013/5/15,,3554.72 ,,
2013/5/16,,3550.55 ,,
2013/5/17,103.53,3624.41 ,580,
2013/5/20,,3608.31 ,,
2013/5/21,,3592.72 ,,
2013/5/22,,3596.84 ,,
2013/5/23,,3555.76 ,570,
2013/5/24,103.02,3574.04 ,,
2013/5/27,,3499.74 ,,
2013/5/28,,3494.96 ,,
2013/5/29,,3443.48 ,,
2013/5/30,,3443.02 ,555,
2013/5/31,102,3421.30 ,,
2013/6/3,,3490.38 ,,
2013/6/4,,3486.57 ,,
2013/6/5,,3491.20 ,,
2013/6/6,,3428.85 ,,
2013/6/7,100.2,3429.87 ,560,
2013/6/13,,3430.55 ,,
2013/6/14,,3434.15 ,559,
2013/6/15,98.38,,,
2013/6/17,,3488.03 ,,
2013/6/18,,3496.65 ,,
2013/6/19,,3536.94 ,,
2013/6/20,,3493.29 ,,
2013/6/21,97.73,3535.81 ,563,
2013/6/24,,3469.19 ,,
2013/6/25,,3475.53 ,,
2013/6/26,,3441.88 ,,
2013/6/27,,3495.13 ,,
2013/6/28,97.31,3509.14 ,563,
2013/7/1,,3507.70 ,,
2013/7/2,,3533.41 ,,
2013/7/3,,3589.29 ,,
2013/7/4,,3593.42 ,,
2013/7/5,96.97,3592.14 ,579,
2013/7/8,,3582.03 ,,
2013/7/9,,3575.04 ,,
2013/7/10,,3614.42 ,,
2013/7/11,,3622.26 ,,
2013/7/12,98.79,3633.09 ,582,
2013/7/15,,3639.13 ,,
2013/7/16,,3653.81 ,,
2013/7/17,,3656.83 ,,
2013/7/18,,3656.00 ,,
2013/7/19,99.85,3668.53 ,588,
2013/7/22,,3657.35 ,,
2013/7/23,,3667.42 ,,
2013/7/24,,3675.30 ,,
2013/7/25,,3667.15 ,594,
2013/7/26,101.31,3652.04 ,,
2013/7/29,,3623.15 ,,
2013/7/30,,3619.64 ,,
2013/7/31,,3629.56 ,,
2013/8/1,,3634.07 ,587,
2013/8/2,101.38,3662.61 ,,
2013/8/5,,3671.45 ,,
2013/8/6,,3677.25 ,,
2013/8/7,,3702.69 ,,
2013/8/8,,3733.61 ,,
2013/8/9,101.15,3744.99 ,596,
2013/8/12,,3800.13 ,,
2013/8/13,,3827.14 ,,
2013/8/14,,3809.85 ,,
2013/8/15,,3808.37 ,,
2013/8/16,102.96,3798.48 ,598,
2013/8/19,,3799.53 ,,
2013/8/20,,3785.83 ,,
2013/8/21,,3778.52 ,,
2013/8/22,,3758.58 ,593,
2013/8/23,103.99,3805.39 ,,
2013/8/26,,3801.22 ,,
2013/8/27,,3806.02 ,,
2013/8/28,,3756.16 ,,
2013/8/29,,3738.96 ,,
2013/8/30,103.87,3742.34 ,593,
2013/9/2,,3774.94 ,,
2013/9/3,,3737.27 ,,
2013/9/4,,3730.41 ,,
2013/9/5,,3725.96 ,,
2013/9/6,103.4,3717.29 ,592,
2013/9/9,,3745.88 ,,
2013/9/10,,3730.63 ,,
2013/9/11,,3722.97 ,,
2013/9/12,,3709.68 ,,
2013/9/13,103.43,3656.12 ,580,
2013/9/16,,3646.22 ,,
2013/9/17,,3646.71 ,,
2013/9/18,,3634.18 ,577,
2013/9/20,102.67,,,
2013/9/23,,3656.80 ,,
2013/9/24,,3629.06 ,,
2013/9/25,,3628.59 ,,
2013/9/26,,3616.10 ,577,
2013/9/27,101.25,3580.57 ,,
2013/9/30,,3592.55 ,,
2013/10/8,,3605.05 ,,
2013/10/9,,3598.93 ,,
2013/10/10,,3608.89 ,,
2013/10/11,100.27,3613.63 ,575,
2013/10/14,,3643.54 ,,
2013/10/15,,3628.71 ,,
2013/10/16,,3598.23 ,,
2013/10/17,,3591.05 ,,
2013/10/18,100.39,3596.02 ,573,
2013/10/21,,3599.17 ,,
2013/10/22,,3591.92 ,,
2013/10/23,,3578.06 ,571,
2013/10/24,,3561.05 ,,
2013/10/25,99.91,3530.73 ,,
2013/10/28,,3531.49 ,,
2013/10/29,,3549.34 ,,
2013/10/30,,3587.97 ,,
2013/10/31,,3578.78 ,,
2013/11/1,99.94,3622.41 ,568,
2013/11/4,,3629.87 ,,
2013/11/5,,3627.91 ,,
2013/11/6,,3607.07 ,,
2013/11/7,,3653.74 ,,
2013/11/8,101.98,3638.75 ,579,
2013/11/11,,3643.28 ,,
2013/11/12,,3644.04 ,,
2013/11/13,,3624.71 ,,
2013/11/14,,3599.66 ,576,
2013/11/15,102.84,3576.21 ,,
2013/11/18,,3578.10 ,,
2013/11/19,,3609.89 ,,
2013/11/20,,3631.34 ,,
2013/11/21,,3601.52 ,,
2013/11/22,102.71,3603.40 ,573,
2013/11/25,,3622.70 ,,
2013/11/26,,3648.05 ,,
2013/11/27,,3640.05 ,,
2013/11/28,,3659.61 ,,
2013/11/29,102.02,3659.86 ,573,
2013/12/2,,3687.42 ,,
2013/12/3,,3702.71 ,,
2013/12/4,,3707.62 ,,
2013/12/5,,3689.57 ,,
2013/12/6,101.97,3695.14 ,578,
2013/12/9,,3717.51 ,,
2013/12/10,,3713.77 ,,
2013/12/11,,3736.10 ,,
2013/12/12,,3727.57 ,,
2013/12/13,102.17,3680.11 ,582,
2013/12/16,,3676.34 ,,
2013/12/17,,3670.47 ,,
2013/12/18,,3663.97 ,,
2013/12/19,,3658.98 ,,
2013/12/20,102.9,3638.23 ,582,
2013/12/23,,3621.37 ,,
2013/12/24,,3638.68 ,,
2013/12/25,,3616.06 ,,
2013/12/26,,3618.45 ,,
2013/12/27,101.95,3626.58 ,580,
2013/12/30,,3590.96 ,,
2013/12/31,,3590.02 ,,
2014/1/2,,3612.84 ,578,
2014/1/3,101.29,3566.90 ,,
2014/1/6,,3542.39 ,,
2014/1/7,,3494.40 ,,
2014/1/8,,3497.43 ,,
2014/1/9,,3484.98 ,,
2014/1/10,100.4,3517.86 ,574,
2014/1/13,,3488.68 ,,
2014/1/14,,3518.92 ,,
2014/1/15,,3523.77 ,,
2014/1/16,,3509.83 ,578,
2014/1/17,99.44,3495.88 ,,
2014/1/20,,3476.96 ,,
2014/1/21,,3435.01 ,,
2014/1/22,,3451.09 ,,
2014/1/23,,3489.65 ,,
2014/1/24,98.92,3514.48 ,567,
2014/1/27,,3503.08 ,,
2014/1/28,,3464.01 ,567,
2014/1/29,,3472.94 ,,
2014/1/30,98.63,3484.53 ,,
2014/2/7,,3443.02 ,,
2014/2/8,,,566,
2014/2/10,,3455.26 ,,
2014/2/11,,3419.78 ,,
2014/2/12,,3425.67 ,,
2014/2/13,,3430.47 ,,
2014/2/14,98.24,3452.72 ,562,
2014/2/17,,3496.91 ,,
2014/2/18,,3473.97 ,,
2014/2/19,,3479.41 ,,
2014/2/20,,3437.15 ,565,
2014/2/21,97.33,3432.06 ,,
2014/2/24,,3374.91 ,,
2014/2/25,,3359.84 ,,
2014/2/26,,3366.95 ,,
2014/2/27,,3391.85 ,,
2014/2/28,96.69,3368.23 ,553,
2014/3/3,,3379.34 ,,
2014/3/4,,3365.90 ,,
2014/3/5,,3380.88 ,,
2014/3/6,,3351.60 ,,
2014/3/7,96.04,3301.00 ,553,
2014/3/10,,3193.88 ,,
2014/3/11,,3207.62 ,,
2014/3/12,,3229.75 ,,
2014/3/13,,3261.41 ,540,
2014/3/14,95.23,3240.31 ,,
2014/3/17,,3212.44 ,,
2014/3/18,,3226.53 ,,
2014/3/19,,3234.40 ,,
2014/3/20,,3226.08 ,534,
2014/3/21,94.7,3218.86 ,,3325.22 
2014/3/24,,3213.08 ,,3330.55 
2014/3/25,,3286.11 ,,3379.66 
2014/3/26,,3272.35 ,,3376.99 
2014/3/27,,3267.08 ,,3363.83 
2014/3/28,94.26,3303.36 ,534,3383.79 
2014/3/31,,3325.18 ,,3412.50 
2014/4/1,,3327.96 ,,3416.11 
2014/4/2,,3314.65 ,,3392.15 
2014/4/3,,3333.62 ,,3411.75 
2014/4/4,94.47,3369.74 ,538,3441.54 
2014/4/8,,3411.52 ,,3481.53 
2014/4/9,,3382.98 ,,3454.18 
2014/4/10,,3368.30 ,547,3447.79 
2014/4/11,95.4,3360.08 ,,3435.62 
2014/4/14,,3360.22 ,,3439.56 
2014/4/15,,3369.49 ,,3449.55 
2014/4/16,,3330.32 ,,3420.64 
2014/4/17,,3325.49 ,542,3414.77 
2014/4/18,96.62,3247.33 ,,3356.68 
2014/4/21,,3237.49 ,,3342.43 
2014/4/22,,3246.38 ,,3356.13 
2014/4/23,,3268.83 ,,3381.30 
2014/4/24,,3285.56 ,537,3391.02 
2014/4/25,95.94,3279.21 ,,3379.39 
2014/4/28,,3225.21 ,,3337.07 
2014/4/29,,3248.53 ,,3360.32 
2014/4/30,,3225.17 ,,3343.22 
2014/5/2,95.68,,,
2014/5/5,,3236.15 ,,3351.21 
2014/5/6,,3221.97 ,,3343.49 
2014/5/7,,3189.04 ,,3331.98 
2014/5/8,,3176.19 ,,3312.22 
2014/5/9,95.43,3163.71 ,537,3318.35 
2014/5/12,,3188.69 ,,3334.51 
2014/5/13,,3163.05 ,,3326.53 
2014/5/14,,3164.47 ,,3324.73 
2014/5/15,,3130.41 ,538,3301.43 
2014/5/16,94.37,3088.46 ,,3272.90 
2014/5/19,,3078.93 ,,3265.78 
2014/5/20,,3067.69 ,,3262.88 
2014/5/21,,3076.14 ,,3274.96 
2014/5/22,,3081.50 ,,3280.59 
2014/5/23,93.52,3087.38 ,538,3282.69 
2014/5/26,,3143.64 ,,3327.37 
2014/5/27,,3144.75 ,,3340.71 
2014/5/28,,3115.01 ,542,3312.51 
2014/5/29,,3110.27 ,,3308.46 
2014/5/30,93.1,3059.06 ,,3265.39 
2014/6/3,,3058.56 ,,3269.39 
2014/6/4,,3063.90 ,,3264.15 
2014/6/5,,3069.37 ,541,3272.28 
2014/6/6,93.15,3080.60 ,,3283.55 
2014/6/9,,3068.24 ,,3264.76 
2014/6/10,,3070.10 ,,3270.39 
2014/6/11,,3050.69 ,,3262.76 
2014/6/12,,3030.62 ,,3248.38 
2014/6/13,92.68,3031.92 ,545,3250.05 
2014/6/16,,3005.16 ,,3228.34 
2014/6/17,,3022.88 ,,3240.23 
2014/6/18,,3013.72 ,,3265.58 
2014/6/19,,3015.77 ,,3267.06 
2014/6/20,91.76,3050.69 ,543,3279.98 
2014/6/23,,3075.29 ,,3299.17 
2014/6/24,,3067.61 ,,3282.22 
2014/6/25,,3081.82 ,,3288.14 
2014/6/26,,3116.44 ,543,3320.92 
2014/6/27,91.31,3089.91 ,,3304.97 
2014/6/30,,3075.18 ,,3287.41 
2014/7/1,,3074.26 ,,3295.34 
2014/7/2,,3103.57 ,,3309.22 
2014/7/3,,3091.54 ,,3311.85 
2014/7/4,91.08,3094.06 ,546,3307.60 
2014/7/7,,3082.83 ,,3295.60 
2014/7/8,,3108.80 ,,3312.89 
2014/7/9,,3088.50 ,,3299.85 
2014/7/10,,3105.55 ,,3328.78 
2014/7/11,90.72,3120.53 ,548,3342.56 
2014/7/14,,3138.24 ,,3364.10 
2014/7/15,,3138.01 ,,3360.43 
2014/7/16,,3128.34 ,,3344.69 
2014/7/17,,3117.28 ,549,3328.39 
2014/7/18,90.76,3056.14 ,,3276.81 
2014/7/21,,3047.45 ,,3284.59 
2014/7/22,,3051.50 ,,3287.26 
2014/7/23,,3045.06 ,545,3278.97 
2014/7/24,,3041.73 ,,3287.42 
2014/7/25,90.63,3053.65 ,,3293.47 
2014/7/28,,3082.01 ,,3299.43 
2014/7/29,,3108.55 ,,3318.57 
2014/7/30,,3078.53 ,,3298.23 
2014/7/31,,3077.26 ,,3288.79 
2014/8/1,90.08,3074.01 ,546,3280.60 
2014/8/4,,3109.72 ,,3291.32 
2014/8/5,,3108.26 ,,3309.65 
2014/8/6,,3107.77 ,547,3331.04 
2014/8/7,,3102.72 ,,3334.06 
2014/8/8,89.79,3091.11 ,,3314.50 
2014/8/11,,3066.75 ,,3307.74 
2014/8/12,,3067.60 ,,3316.00 
2014/8/13,,3048.62 ,,3301.69 
2014/8/14,,3026.25 ,,3269.19 
2014/8/15,89.48,3035.51 ,544,3284.30 
2014/8/18,,3015.94 ,,3264.92 
2014/8/19,,3020.73 ,541,3276.50 
2014/8/20,,2995.68 ,,3254.23 
2014/8/21,,2986.65 ,,3254.25 
2014/8/22,88.97,2990.26 ,,3214.16 
2014/8/25,,2978.60 ,,3188.71 
2014/8/26,,2983.13 ,,3166.41 
2014/8/27,,2968.90 ,525,3146.54 
2014/8/28,,2940.15 ,,3113.55 
2014/8/29,88.74,2940.45 ,,3150.84 
2014/9/1,,2917.06 ,,3123.87 
2014/9/2,,2912.95 ,,3112.16 
2014/9/3,,2858.62 ,,3078.98 
2014/9/4,,2842.15 ,,3041.22 
2014/9/5,87.4,2837.98 ,497,3035.73 
2014/9/9,,2772.42 ,,2959.17 
2014/9/10,,2782.92 ,,2976.63 
2014/9/11,,2761.06 ,,2939.46 
2014/9/12,85.3,2793.43 ,482,2968.62 
2014/9/15,,2830.60 ,,2997.00 
2014/9/16,,2794.29 ,,2951.02 
2014/9/17,,2809.48 ,490,2962.27 
2014/9/18,,2773.95 ,,2935.32 
2014/9/19,84.49,2719.41 ,,2884.53 
2014/9/22,,2625.24 ,,2797.44 
2014/9/23,,2624.88 ,,2813.05 
2014/9/24,,2624.02 ,,2835.94 
2014/9/25,,2554.34 ,,2796.49 
2014/9/26,82.71,2596.12 ,477,2839.89 
2014/9/29,,2534.07 ,,2807.86 
2014/9/30,,2537.61 ,,2819.38 
2014/10/8,,2519.44 ,,2773.43 
2014/10/9,,2556.77 ,499,2811.62 
2014/10/10,82.59,2579.76 ,,2839.96 
2014/10/11,82.59,,,
2014/10/13,,2662.64 ,,2919.15 
2014/10/14,,2649.60 ,,2893.71 
2014/10/15,,2653.26 ,488,2901.20 
2014/10/16,,2636.77 ,,2867.72 
2014/10/17,83.41,2627.76 ,,2859.75 
2014/10/20,,2638.61 ,,2895.46 
2014/10/21,,2615.89 ,,2873.76 
2014/10/22,,2572.25 ,,2865.68 
2014/10/23,,2552.94 ,,2833.61 
2014/10/24,85.66,2577.77 ,480,2857.21 
2014/10/27,,2578.70 ,,2860.60 
2014/10/28,,2578.65 ,,2842.59 
2014/10/29,,2614.92 ,,2859.33 
2014/10/30,,2612.69 ,482,2851.53 
2014/10/31,85.32,2589.03 ,,2855.26 
2014/11/3,,2560.68 ,480,2829.32 
2014/11/4,,2576.51 ,,2835.13 
2014/11/5,,2536.13 ,,2826.36 
2014/11/6,,2547.80 ,,2830.26 
2014/11/7,86.05,2557.77 ,,2834.22 
2014/11/10,,2581.49 ,482,2872.07 
2014/11/11,,2573.09 ,,2866.15 
2014/11/12,,2573.56 ,,2885.59 
2014/11/13,,2540.04 ,,2867.01 
2014/11/14,85.63,2543.49 ,,2872.68 
2014/11/17,,2532.66 ,,2869.09 
2014/11/18,,2458.82 ,,2855.71 
2014/11/19,,2461.44 ,,2851.92 
2014/11/20,,2453.00 ,,2873.31 
2014/11/21,84.6,2466.43 ,485,2872.32 
2014/11/24,,2451.84 ,,2871.66 
2014/11/25,,2464.30 ,,2875.38 
2014/11/26,,2461.32 ,,2871.28 
2014/11/27,,2548.61 ,486,2963.54 
2014/11/28,83.87,2554.25 ,,2941.71 
2014/12/1,,2526.85 ,,2959.81 
2014/12/2,,2510.08 ,,2942.74 
2014/12/3,,2537.98 ,,2947.29 
2014/12/4,,2570.14 ,494,2939.05 
2014/12/5,82.84,2563.92 ,,2953.23 
2014/12/8,,2546.85 ,,2945.84 
2014/12/9,,2561.04 ,,2938.02 
2014/12/10,,2567.18 ,,2948.40 
2014/12/11,,2569.76 ,,2957.61 
2014/12/12,81.88,2588.41 ,504,2976.02 
2014/12/15,,2573.11 ,,2967.28 
2014/12/16,,2550.99 ,,2937.88 
2014/12/17,,2543.63 ,,2929.68 
2014/12/18,,2552.69 ,502,2934.35 
2014/12/19,80.48,2573.15 ,,2938.01 
2014/12/22,,2520.66 ,,2906.76 
2014/12/23,,2476.40 ,,2858.00 
2014/12/24,,2503.67 ,,2895.38 
2014/12/25,,2488.18 ,,2880.44 
2014/12/26,79.55,2486.91 ,487,2875.42 
2014/12/29,,2526.20 ,,2904.20 
2014/12/30,,2612.85 ,,2971.62 
2014/12/31,,2597.37 ,,2944.24 
2015/1/5,,2564.39 ,,2932.81 
2015/1/6,,2622.04 ,,2948.77 
2015/1/7,,2588.83 ,486,2939.12 
2015/1/8,,2582.66 ,,2920.97 
2015/1/9,77.96,2560.60 ,,2889.56 
2015/1/12,,2504.86 ,,2827.45 
2015/1/13,,2512.24 ,,2781.48 
2015/1/14,,2489.83 ,,2697.46 
2015/1/15,,2520.32 ,455,2739.31 
2015/1/16,76.43,2512.83 ,,2681.49 
2015/1/19,,2517.83 ,,2665.73 
2015/1/20,,2490.46 ,,2643.37 
2015/1/21,,2475.96 ,,2639.26 
2015/1/22,,2482.74 ,426,2631.38 
2015/1/23,74.46,2487.56 ,,2609.72 
2015/1/26,,2455.67 ,,2560.34 
2015/1/27,,2461.86 ,,2550.36 
2015/1/28,,2478.74 ,,2593.95 
2015/1/29,,2512.16 ,412,2621.72 
2015/1/30,73.22,2503.11 ,,2599.92 
2015/2/2,,2502.54 ,,2591.99 
2015/2/3,,2491.57 ,,2586.03 
2015/2/4,,2488.83 ,,2574.11 
2015/2/5,,2494.47 ,404,2578.08 
2015/2/6,71.92,2516.14 ,,2584.04 
2015/2/9,,2501.66 ,,2574.10 
2015/2/10,,2513.55 ,,2582.05 
2015/2/11,,2514.76 ,,2601.94 
2015/2/12,,2510.66 ,,2595.55 
2015/2/13,70.97,2532.48 ,405,2609.11 
2015/2/16,,2546.16 ,,2623.68 
2015/2/17,,2542.41 ,,2611.04 
2015/2/25,,2508.77 ,,2593.47 
2015/2/26,,2532.54 ,404,2609.42 
2015/2/27,,2499.32 ,,2583.19 
2015/2/28,71.22,,,
2015/3/2,,2520.40 ,407,2593.15 
2015/3/3,,2514.38 ,,2583.20 
2015/3/4,,2509.48 ,,2589.31 
2015/3/5,,2484.50 ,,2561.48 
2015/3/6,70.78,2452.45 ,,2547.51 
2015/3/9,,2444.64 ,,2525.69 
2015/3/10,,2405.29 ,,2498.39 
2015/3/11,,2423.83 ,,2494.28 
2015/3/12,,2447.50 ,386,2510.35 
2015/3/13,70.01,2447.69 ,,2504.17 
2015/3/16,,2477.64 ,,2531.06 
2015/3/17,,2472.96 ,,2537.14 
2015/3/18,,2457.27 ,,2508.71 
2015/3/19,,2457.63 ,,2514.14 
2015/3/20,71.17,2457.09 ,392,2514.23 
2015/3/23,,2526.37 ,,2563.41 
2015/3/24,,2525.11 ,402,2563.14 
2015/3/25,,2493.97 ,,2548.79 
2015/3/26,,2476.19 ,,2535.38 
2015/3/27,74.39,2467.68 ,,2522.05 
2015/3/30,,2445.88 ,,2503.01 
2015/3/31,,2426.01 ,398,2493.25 
2015/4/1,,2388.28 ,,2466.63 
2015/4/2,,2343.50 ,,2427.66 
2015/4/3,73.45,2342.65 ,,2414.51 
2015/4/7,,2310.49 ,384,2363.00 
2015/4/8,,2323.21 ,,2377.13 
2015/4/9,,2289.35 ,,2349.44 
2015/4/10,72.02,2264.61 ,,2333.65 
2015/4/13,,2326.68 ,,2395.57 
2015/4/14,,2321.87 ,378,2390.71 
2015/4/15,,2296.56 ,,2362.51 
2015/4/16,,2317.20 ,,2380.58 
2015/4/17,71.17,2311.39 ,,2381.76 
2015/4/20,,2280.34 ,376,2352.44 
2015/4/21,,2280.67 ,,2359.63 
2015/4/22,,2326.44 ,,2406.12 
2015/4/23,,2322.56 ,,2414.42 
2015/4/24,70.54,2377.03 ,,2472.08 
2015/4/27,,2407.31 ,392,2492.13 
2015/4/28,,2397.28 ,,2484.53 
2015/4/29,,2340.67 ,,2446.60 
2015/4/30,71.22,2365.27 ,,2470.64 
2015/5/4,,2413.72 ,,2522.90 
2015/5/5,,2429.92 ,,2550.64 
2015/5/6,,2432.18 ,,2529.39 
2015/5/7,,2409.67 ,393,2491.78 
2015/5/8,70.78,2414.26 ,,2498.37 
2015/5/11,,2422.66 ,,2508.29 
2015/5/12,,2393.11 ,,2464.12 
2015/5/13,,2386.37 ,,2478.60 
2015/5/14,,2367.37 ,395,2464.32 
2015/5/15,69.82,2376.69 ,,2464.65 
2015/5/18,,2356.23 ,,2458.66 
2015/5/19,,2350.12 ,,2443.75 
2015/5/20,,2319.84 ,,2412.66 
2015/5/21,,2350.33 ,,2439.72 
2015/5/22,68.35,2357.20 ,386,2454.22 
2015/5/25,,2354.35 ,,2455.35 
2015/5/26,,2358.85 ,,2464.62 
2015/5/27,,2363.31 ,,2470.20 
2015/5/28,,2364.63 ,,2460.46 
2015/5/29,67.67,2370.44 ,386,2460.68 
2015/6/1,,2382.98 ,,2482.41 
2015/6/2,,2386.79 ,,2479.09 
2015/6/3,,2360.27 ,,2460.96 
2015/6/4,,2367.11 ,,2460.00 
2015/6/5,66.57,2352.13 ,384,2449.26 
2015/6/8,,2344.25 ,,2440.80 
2015/6/9,,2346.27 ,,2449.90 
2015/6/10,,2347.43 ,,2460.57 
2015/6/11,,2364.73 ,,2464.03 
2015/6/12,65.53,2309.55 ,380,2402.82 
2015/6/15,,2291.40 ,,2384.54 
2015/6/16,,2256.48 ,,2349.95 
2015/6/17,,2234.60 ,,2320.98 
2015/6/18,,2256.16 ,,2337.70 
2015/6/19,64.29,2257.74 ,369,2344.29 
2015/6/23,,2250.97 ,,2331.78 
2015/6/24,,2254.57 ,,2335.67 
2015/6/25,,2232.87 ,,2298.69 
2015/6/26,62.59,2230.37 ,359,2292.47 
2015/6/29,,2202.03 ,,2274.71 
2015/6/30,,2158.85 ,,2227.08 
2015/7/1,,2151.92 ,,2214.23 
2015/7/2,,2159.11 ,,2208.45 
2015/7/3,60.97,2154.15 ,343,2217.02 
2015/7/6,,2057.91 ,,2120.16 
2015/7/7,,1972.42 ,,2049.43 
2015/7/8,,1911.31 ,,1983.65 
2015/7/9,,2026.14 ,,2074.43 
2015/7/10,58.78,2036.11 ,327,2077.87 
2015/7/13,,2033.96 ,,2045.28 
2015/7/14,,2035.17 ,,2045.31 
2015/7/15,,2017.60 ,,2031.56 
2015/7/16,,2028.32 ,,2038.86 
2015/7/17,58.99,2032.29 ,316,2044.82 
2015/7/20,,2096.72 ,,2116.38 
2015/7/21,,2069.25 ,,2084.50 
2015/7/22,,2021.34 ,,2038.65 
2015/7/23,,2037.30 ,,2048.77 
2015/7/24,60.21,2028.78 ,321,2044.06 
2015/7/27,,2060.08 ,,2065.48 
2015/7/28,,2060.74 ,,2064.77 
2015/7/29,,2103.80 ,,2081.54 
2015/7/30,60.54,2083.21 ,,2055.22 
2015/7/31,,2101.66 ,319,2056.93 
2015/8/3,,2088.14 ,,2069.03 
2015/8/4,,2104.68 ,,2086.07 
2015/8/5,,2105.11 ,,2096.01 
2015/8/6,,2086.44 ,,2092.44 
2015/8/7,64.06,2072.34 ,327,2079.84 
2015/8/10,,2053.71 ,,2071.73 
2015/8/11,,2056.46 ,,2065.36 
2015/8/12,,2075.76 ,,2076.04 
2015/8/13,,2098.56 ,314,2086.19 
2015/8/14,64.57,2091.32 ,,2092.72 
2015/8/17,,2066.12 ,,2069.16 
2015/8/18,,2056.43 ,,2070.82 
2015/8/19,,2050.51 ,,2047.63 
2015/8/20,,2032.09 ,,2034.93 
2015/8/21,65.19,2025.35 ,311,2032.05 
2015/8/24,,1938.03 ,,1938.11 
2015/8/25,,1937.62 ,,1938.55 
2015/8/26,,1942.43 ,,1942.16 
2015/8/27,,1971.35 ,,1961.12 
2015/8/28,62.97,1978.25 ,306,1973.74 
2015/8/31,,1954.41 ,,1953.81 
2015/9/1,,1963.76 ,,1958.00 
2015/9/2,,1955.84 ,,1955.68 
2015/9/3,61.94,,,
2015/9/6,,,306,
2015/9/7,,1922.28 ,,1933.21 
2015/9/8,,1949.67 ,,1947.08 
2015/9/9,,1951.45 ,,1951.59 
2015/9/10,,1959.38 ,,1958.59 
2015/9/11,61.41,1948.13 ,306,1955.34 
2015/9/14,,1934.00 ,,1937.15 
2015/9/15,,1914.83 ,,1915.73 
2015/9/16,,1938.23 ,,1936.08 
2015/9/17,,1931.25 ,,1934.34 
2015/9/18,60.61,1926.88 ,303,1932.75 
2015/9/21,,1908.65 ,,1918.25 
2015/9/22,,1896.26 ,,1911.29 
2015/9/23,,1905.62 ,,1917.12 
2015/9/24,,1895.68 ,,1911.91 
2015/9/25,60.03,1893.06 ,300,1911.36 
2015/9/28,,1861.73 ,,1880.35 
2015/9/29,,1836.51 ,300,1863.73 
2015/9/30,59.64,1826.19 ,,1846.82 
2015/10/8,,1832.65 ,,1853.99 
2015/10/9,,1860.35 ,299,1881.04 
2015/10/12,,1854.90 ,,1880.67 
2015/10/13,,1846.17 ,,1876.78 
2015/10/14,,1836.82 ,,1876.19 
2015/10/15,,1840.94 ,,1877.94 
2015/10/16,59.59,1835.81 ,305,1872.08 
2015/10/19,,1814.88 ,,1848.37 
2015/10/20,,1808.70 ,,1851.54 
2015/10/21,,1807.64 ,,1855.46 
2015/10/22,,1806.41 ,,1849.97 
2015/10/23,59.3,1801.74 ,301,1845.88 
2015/10/26,,1797.42 ,,1837.74 
2015/10/27,,1803.46 ,,1832.17 
2015/10/28,,1794.30 ,,1820.51 
2015/10/29,,1796.87 ,,1817.31 
2015/10/30,59.39,1788.22 ,298,1820.99 
2015/11/2,,1791.54 ,,1820.24 
2015/11/3,,1777.58 ,297,1791.51 
2015/11/4,,1779.51 ,,1787.10 
2015/11/5,,1776.81 ,,1771.93 
2015/11/6,59.93,1788.32 ,,1771.31 
2015/11/9,,1795.82 ,289,1791.93 
2015/11/10,,1790.36 ,,1786.88 
2015/11/11,,1770.79 ,,1772.58 
2015/11/12,,1763.39 ,,1776.02 
2015/11/13,59.07,1760.02 ,,1771.04 
2015/11/16,,1756.64 ,289,1775.76 
2015/11/17,,1753.90 ,,1779.97 
2015/11/18,,1735.83 ,,1762.21 
2015/11/19,,1707.14 ,,1731.82 
2015/11/20,57.88,1697.34 ,,1728.57 
2015/11/23,,1659.45 ,286,1701.76 
2015/11/24,,1668.65 ,,1725.00 
2015/11/25,,1674.19 ,,1737.02 
2015/11/26,,1677.15 ,,1743.24 
2015/11/27,55.97,1655.73 ,,1715.23 
2015/11/30,,1624.40 ,281,1684.92 
2015/12/1,,1629.16 ,,1702.26 
2015/12/2,,1654.94 ,,1732.01 
2015/12/3,,1631.32 ,,1713.26 
2015/12/4,54.84,1641.98 ,,1738.77 
2015/12/7,,1662.13 ,284,1746.03 
2015/12/8,,1648.91 ,,1732.77 
2015/12/9,,1650.88 ,,1736.43 
2015/12/10,,1642.48 ,,1740.25 
2015/12/11,53.93,1652.52 ,,1759.53 
2015/12/14,,1659.98 ,285,1796.29 
2015/12/15,,1655.86 ,,1787.10 
2015/12/16,,1671.26 ,,1816.28 
2015/12/17,,1678.56 ,,1834.27 
2015/12/18,53.02,1713.12 ,,1869.70 
2015/12/21,,1752.51 ,293,1905.52 
2015/12/22,,1736.75 ,,1875.56 
2015/12/23,,1723.59 ,,1854.36 
2015/12/24,,1731.03 ,,1868.74 
2015/12/25,55.02,1742.59 ,,1875.98 
2015/12/28,,1745.54 ,304,1870.66 
2015/12/29,,1784.29 ,,1913.26 
2015/12/30,,1782.60 ,,1933.84 
2015/12/31,55.5,1786.22 ,,1950.28 
2016/1/4,,1779.04 ,317,1930.50 
2016/1/5,,1790.09 ,,1959.16 
2016/1/6,,1776.70 ,,1936.44 
2016/1/7,,1774.55 ,,1925.37 
2016/1/8,57.74,1760.60 ,,1883.24 
2016/1/11,,1758.87 ,306,1878.35 
2016/1/12,,1740.98 ,,1858.28 
2016/1/13,,1740.63 ,,1858.55 
2016/1/14,,1759.03 ,,1882.07 
2016/1/15,56.57,1777.81 ,,1898.95 
2016/1/18,,1827.38 ,,1937.26 
2016/1/19,,1839.74 ,,1949.22 
2016/1/20,,1818.09 ,,1929.15 
2016/1/21,,1808.27 ,,1923.16 
2016/1/22,57.14,1822.55 ,,1934.23 
2016/1/25,,1838.99 ,304,1938.38 
2016/1/26,,1843.94 ,,1944.92 
2016/1/27,,1860.56 ,,1944.91 
2016/1/28,,1815.06 ,,1897.92 
2016/1/29,56.64,1814.15 ,,1908.89 
2016/2/1,,1819.02 ,304,1923.58 
2016/2/2,,1814.97 ,,1917.77 
2016/2/3,,1825.24 ,,1922.67 
2016/2/4,,1850.39 ,,1963.72 
2016/2/5,56.32,1842.37 ,,1944.01 
2016/2/15,,1870.89 ,308,1956.01 
2016/2/16,,1864.09 ,,1969.00 
2016/2/17,,1860.13 ,,1961.09 
2016/2/18,,1868.21 ,,1974.83 
2016/2/19,57.2,1889.39 ,,1991.83 
2016/2/22,,1948.45 ,318,2082.49 
2016/2/23,,1919.96 ,,2057.39 
2016/2/24,,1919.56 ,,2062.46 
2016/2/25,,1916.23 ,,2052.56 
2016/2/26,59.47,1909.62 ,,2058.03 
2016/2/29,,1952.09 ,,2088.10 
2016/3/1,,1977.08 ,,2108.21 
2016/3/2,,1985.80 ,,2109.25 
2016/3/3,,1967.19 ,332,2125.77 
2016/3/4,59.57,1990.15 ,,2172.56 
2016/3/7,,2071.99 ,384,2254.33 
2016/3/8,,2192.03 ,,2387.00 
2016/3/9,,2080.02 ,,2215.85 
2016/3/10,,2106.39 ,,2264.94 
2016/3/11,69.79,2049.22 ,,2225.94 
2016/3/14,,2005.84 ,356,2190.49 
2016/3/15,,1988.36 ,,2152.92 
2016/3/16,,2026.56 ,,2173.45 
2016/3/17,,2095.08 ,,2251.27 
2016/3/18,65.01,2127.89 ,,2307.20 
2016/3/21,,2156.41 ,,2342.76 
2016/3/22,,2170.49 ,,2341.70 
2016/3/23,,2210.77 ,,2382.64 
2016/3/24,,2147.08 ,,2306.63 
2016/3/25,67.29,2214.20 ,370,2382.32 
2016/3/28,,2164.67 ,,2316.41 
2016/3/29,,2184.78 ,,2341.67 
2016/3/30,,2135.51 ,,2306.43 
2016/3/31,,2151.53 ,,2344.93 
2016/4/1,68.67,2204.08 ,378,2435.92 
2016/4/5,,2206.72 ,,2475.69 
2016/4/6,,2195.23 ,,2452.17 
2016/4/7,,2203.16 ,,2486.70 
2016/4/8,70.51,2209.25 ,406,2508.42 
2016/4/11,,2300.94 ,,2594.01 
2016/4/12,,2345.76 ,,2632.78 
2016/4/13,,2352.67 ,,2585.02 
2016/4/14,,2323.11 ,439,2544.12 
2016/4/15,78.44,2297.94 ,,2509.80 
2016/4/18,,2387.21 ,,2612.92 
2016/4/19,,2492.57 ,,2718.51 
2016/4/20,,2590.38 ,,2866.19 
2016/4/21,,2747.42 ,,2990.25 
2016/4/22,83.42,2615.06 ,494,2850.30 
2016/4/25,,2637.09 ,,2861.55 
2016/4/26,,2548.59 ,,2706.18 
2016/4/27,,2493.40 ,,2650.25 
2016/4/28,,2530.55 ,,2707.74 
2016/4/29,86.3,2571.75 ,476,2753.76 
2016/5/3,,2443.07 ,,2592.25 
2016/5/4,,2371.54 ,,2536.64 
2016/5/5,,2298.78 ,,2470.95 
2016/5/6,83.04,2326.25 ,435,2503.93 
2016/5/9,,2165.22 ,,2319.76 
2016/5/10,,2138.12 ,,2310.79 
2016/5/11,,2139.04 ,413,2317.71 
2016/5/12,,2068.89 ,,2252.83 
2016/5/13,74.48,2024.56 ,,2212.69 
2016/5/16,,2045.81 ,,2258.57 
2016/5/17,,2105.48 ,,2306.36 
2016/5/18,,2047.28 ,,2239.78 
2016/5/19,,2036.34 ,,2226.83 
2016/5/20,70.08,2055.20 ,406,2251.91 
2016/5/23,,1941.66 ,,2120.44 
2016/5/24,,1950.61 ,,2149.25 
2016/5/25,,1911.56 ,,2101.32 
2016/5/26,,1946.50 ,,2150.25 
2016/5/27,64.94,2024.29 ,385,2256.45 
2016/5/30,,1984.37 ,,2227.57 
2016/5/31,,1972.89 ,,2197.49 
2016/6/1,,1951.20 ,,2163.66 
2016/6/2,,1951.42 ,,2150.81 
2016/6/3,62.89,1985.12 ,382,2173.56 
2016/6/6,,2053.59 ,,2253.28 
2016/6/7,,2070.29 ,,2280.77 
2016/6/8,,2089.26 ,,2296.41 
2016/6/10,64.19,,,
2016/6/12,,,390,
2016/6/13,,2156.59 ,,2332.70 
2016/6/14,,2063.97 ,,2253.06 
2016/6/15,,2057.88 ,,2247.86 
2016/6/16,,2065.26 ,,2248.66 
2016/6/17,65.1,2066.80 ,385,2257.02 
2016/6/20,,2055.53 ,,2232.90 
2016/6/21,,2072.55 ,,2255.87 
2016/6/22,,2131.04 ,,2308.35 
2016/6/23,,2129.16 ,,2301.53 
2016/6/24,63.97,2116.59 ,379,2291.80 
2016/6/27,,2256.08 ,,2441.14 
2016/6/28,,2251.98 ,,2435.51 
2016/6/29,,2231.79 ,,2403.34 
2016/6/30,,2324.08 ,,2496.18 
2016/7/1,65.84,2334.29 ,387,2503.24 
2016/7/4,,2408.08 ,,2561.62 
2016/7/5,,2389.13 ,,2526.74 
2016/7/6,,2361.12 ,,2512.87 
2016/7/7,,2369.67 ,,2551.60 
2016/7/8,68.48,2423.74 ,395,2588.06 
2016/7/11,,2407.58 ,,2582.33 
2016/7/12,,2530.08 ,,2690.99 
2016/7/13,,2493.26 ,,2656.40 
2016/7/14,,2502.36 ,,2652.35 
2016/7/15,71.52,2504.41 ,405,2654.65 
2016/7/18,,2342.04 ,,2488.99 
2016/7/19,,2277.72 ,,2424.52 
2016/7/20,,2289.35 ,,2456.57 
2016/7/21,,2374.89 ,,2563.72 
2016/7/22,69.84,2291.66 ,390,2487.69 
2016/7/25,,2320.41 ,,2548.07 
2016/7/26,,2352.31 ,,2594.05 
2016/7/27,,2399.68 ,401,2616.32 
2016/7/28,,2461.40 ,,2666.89 
2016/7/29,69.95,2395.36 ,,2592.38 
2016/8/1,,2474.38 ,405,2692.01 
2016/8/2,,2489.93 ,,2681.34 
2016/8/3,,2470.46 ,,2665.06 
2016/8/4,,2426.37 ,,2616.64 
2016/8/5,71.61,2511.12 ,,2701.06 
2016/8/8,,2576.34 ,,2775.40 
2016/8/9,,2555.88 ,,2739.93 
2016/8/10,,2552.80 ,,2740.90 
2016/8/11,,2555.73 ,,2742.99 
2016/8/12,72.19,2537.05 ,407,2729.80 
2016/8/15,,2520.19 ,,2706.11 
2016/8/16,,2606.82 ,,2793.03 
2016/8/17,,2552.87 ,,2764.85 
2016/8/18,,2556.27 ,,2774.34 
2016/8/19,73.64,2560.57 ,417,2772.59 
2016/8/22,,2543.42 ,,2765.49 
2016/8/23,,2584.19 ,,2826.44 
2016/8/24,,2582.32 ,,2815.93 
2016/8/25,,2564.68 ,,2807.12 
2016/8/26,74.77,2504.97 ,428,2761.26 
2016/8/29,,2480.90 ,,2779.30 
2016/8/30,,2427.87 ,,2725.79 
2016/8/31,,2393.32 ,,2675.01 
2016/9/1,,2404.85 ,,2680.78 
2016/9/2,74.21,2407.63 ,410,2692.41 
2016/9/5,,2434.52 ,,2695.45 
2016/9/6,,2426.51 ,,2669.76 
2016/9/7,,2335.81 ,,2597.76 
2016/9/8,,2339.29 ,,2618.12 
2016/9/9,74.09,2340.76 ,417,2621.91 
2016/9/12,,2274.85 ,,2566.01 
2016/9/13,,2253.77 ,,2555.40 
2016/9/14,,2248.91 ,,2568.26 
2016/9/16,72.19,,,
2016/9/18,,,408,
2016/9/19,,2240.60 ,405,2554.94 
2016/9/20,,2265.11 ,,2559.59 
2016/9/21,,2259.07 ,,2540.65 
2016/9/22,,2284.17 ,,2573.88 
2016/9/23,71.4,2311.69 ,,2609.59 
2016/9/26,,2317.60 ,,2623.22 
2016/9/27,,2275.53 ,,2575.57 
2016/9/28,,2288.21 ,413,2588.87 
2016/9/29,,2277.15 ,,2569.89 
2016/9/30,71.7,2257.47 ,,2545.83 
2016/10/10,,2274.42 ,,2569.55 
2016/10/11,,2342.50 ,,2668.88 
2016/10/12,,2360.16 ,,2703.62 
2016/10/13,,2358.39 ,,2688.91 
2016/10/14,73.01,2401.26 ,428,2712.29 
2016/10/17,,2432.78 ,,2731.12 
2016/10/18,,2439.87 ,,2719.45 
2016/10/19,,2432.68 ,437,2745.73 
2016/10/20,,2481.57 ,,2795.13 
2016/10/21,75.86,2476.51 ,,2780.60 
2016/10/24,,2484.12 ,,2795.44 
2016/10/25,,2565.39 ,,2874.02 
2016/10/26,,2533.18 ,,2843.95 
2016/10/27,,2515.50 ,,2837.48 
2016/10/28,77.13,2588.99 ,449,2897.68 
2016/10/31,,2608.68 ,,2958.28 
2016/11/1,,2618.44 ,,3023.77 
2016/11/2,,2611.73 ,,3049.06 
2016/11/3,,2684.37 ,,3098.58 
2016/11/4,80.27,2705.25 ,482,3102.62 
2016/11/7,,2872.02 ,,3259.78 
2016/11/8,,2818.83 ,,3195.69 
2016/11/9,,3004.64 ,,3365.30 
2016/11/10,,2992.18 ,,3328.45 
2016/11/11,87.83,3130.76 ,519,3459.56 
2016/11/14,,2957.78 ,,3325.86 
2016/11/15,,2865.40 ,,3196.28 
2016/11/16,,2829.16 ,,3181.48 
2016/11/17,,2829.41 ,,3190.97 
2016/11/18,87.1,2782.25 ,486,3151.61 
2016/11/21,,2724.65 ,,3119.81 
2016/11/22,,2909.65 ,,3309.03 
2016/11/23,,2972.83 ,,3394.39 
2016/11/24,,2985.33 ,,3380.54 
2016/11/25,87.6,3199.18 ,512,3542.36 
2016/11/28,,3278.49 ,,3613.86 
2016/11/29,,3040.95 ,,3382.84 
2016/11/30,,2976.52 ,,3267.15 
2016/12/1,,3169.34 ,,3538.78 
2016/12/2,91.8,3114.54 ,515,3511.57 
2016/12/5,,3191.27 ,,3588.18 
2016/12/6,,3204.70 ,,3643.65 
2016/12/7,,3368.60 ,,3754.49 
2016/12/8,,3381.16 ,,3763.89 
2016/12/9,95.31,3332.05 ,558,3742.25 
2016/12/12,,3434.24 ,,3777.64 
2016/12/13,,3495.47 ,,3828.05 
2016/12/14,,3368.86 ,,3730.82 
2016/12/15,,3406.08 ,,3794.19 
2016/12/16,100.82,3287.88 ,581,3688.17 
2016/12/19,,3166.66 ,,3572.42 
2016/12/20,,3157.65 ,,3589.12 
2016/12/21,,3165.60 ,,3600.21 
2016/12/22,,3025.29 ,,3428.73 
2016/12/23,98.09,2983.90 ,561,3394.25 
2016/12/26,,2920.72 ,,3308.43 
2016/12/27,,3002.79 ,,3398.91 
2016/12/28,,2985.37 ,,3413.26 
2016/12/29,,2949.09 ,,3360.18 
2016/12/30,94.21,2864.69 ,544,3311.54 
2017/1/3,,2849.27 ,,3305.85 
2017/1/4,,2926.39 ,,3373.93 
2017/1/5,,2937.57 ,,3362.87 
2017/1/6,93.16,2907.73 ,543,3278.88 
2017/1/9,,3042.50 ,,3451.11 
2017/1/10,,3162.28 ,,3562.99 
2017/1/11,,3175.73 ,,3569.63 
2017/1/12,,3200.44 ,,3591.69 
2017/1/13,94.14,3186.95 ,554,3565.29 
2017/1/16,,3367.04 ,,3719.03 
2017/1/17,,3278.61 ,,3625.95 
2017/1/18,,3285.18 ,,3619.17 
2017/1/19,,3251.65 ,,3548.33 
2017/1/20,95.69,3190.17 ,550,3449.73 
2017/1/23,,3175.55 ,,3459.47 
2017/1/24,,3286.37 ,,3582.22 
2017/1/25,,3291.82 ,,3596.58 
2017/1/26,95.59,3359.67 ,552,3656.68 
2017/2/3,,3110.35 ,552,3379.78 
2017/2/6,,3079.12 ,,3381.19 
2017/2/7,,3158.05 ,,3464.79 
2017/2/8,,3234.30 ,,3528.73 
2017/2/9,,3198.01 ,,3484.93 
2017/2/10,96.73,3318.81 ,544,3615.61 
2017/2/13,,3425.96 ,,3724.74 
2017/2/14,,3429.71 ,,3723.17 
2017/2/15,,3379.59 ,,3671.48 
2017/2/16,,3369.16 ,,3647.69 
2017/2/17,100.92,3453.45 ,543,3732.02 
2017/2/20,,3522.56 ,,3752.67 
2017/2/21,,3550.58 ,,3769.09 
2017/2/22,,3502.31 ,,3670.69 
2017/2/23,,3460.63 ,,3599.02 
2017/2/24,106.95,3474.95 ,543,3581.47 
2017/2/27,,3583.52 ,,3711.51 
2017/2/28,,3441.83 ,,3535.42 
2017/3/1,,3510.23 ,,3580.16 
2017/3/2,,3521.53 ,,3564.15 
2017/3/3,110.41,3526.45 ,,3556.25 
2017/3/6,,3424.24 ,,3449.12 
2017/3/7,,3450.05 ,,3455.41 
2017/3/8,,3377.43 ,,3394.91 
2017/3/9,,3339.71 ,,3341.26 
2017/3/10,109.22,3348.66 ,,3379.37 
2017/3/13,,3538.21 ,,3518.05 
2017/3/14,,3519.80 ,,3474.24 
2017/3/15,,3577.48 ,,3544.38 
2017/3/16,,3562.87 ,,3533.26 
2017/3/17,111.09,3499.49 ,533,3492.25 
2017/3/20,,3481.89 ,,3474.15 
2017/3/21,,3359.26 ,,3390.78 
2017/3/22,,3250.43 ,,3277.13 
2017/3/23,,3247.16 ,,3261.41 
2017/3/24,108.85,3244.54 ,494,3275.09 
2017/3/27,,3140.65 ,,3161.06 
2017/3/28,,3120.32 ,,3146.44 
2017/3/29,,3220.03 ,,3252.92 
2017/3/30,,3197.37 ,,3234.47 
2017/3/31,106.6,3206.98 ,480,3213.96 
2017/4/5,,3264.06 ,,3217.23 
2017/4/6,,3202.24 ,,3198.98 
2017/4/7,106.54,3074.74 ,465,3123.76 
2017/4/10,,3038.87 ,,3108.38 
2017/4/11,,3012.03 ,,3064.49 
2017/4/12,,2916.38 ,,2936.96 
2017/4/13,,2940.16 ,,2970.32 
2017/4/14,100.48,2962.09 ,438,3001.52 
2017/4/17,,2930.93 ,,2992.90 
2017/4/18,,2833.16 ,,2896.73 
2017/4/19,,2856.50 ,,2906.61 
2017/4/20,,2892.31 ,,2939.61 
2017/4/21,96.58,2929.43 ,430,2967.46 
2017/4/24,,2926.48 ,,2960.75 
2017/4/25,,2946.77 ,,2994.96 
2017/4/26,,2965.27 ,,3023.93 
2017/4/27,,3011.90 ,,3063.50 
2017/4/28,98.41,3105.54 ,451,3148.05 
2017/5/2,,3126.67 ,,3140.90 
2017/5/3,,3122.18 ,,3110.63 
2017/5/4,,2921.62 ,,2890.28 
2017/5/5,101.65,2919.01 ,463,2885.67 
2017/5/8,,2984.87 ,,2929.26 
2017/5/9,,2994.42 ,,2893.46 
2017/5/10,,3052.55 ,,2928.08 
2017/5/11,,3037.09 ,,2949.53 
2017/5/12,103.64,2919.74 ,431,2839.99 
2017/5/15,,2967.47 ,,2916.09 
2017/5/16,,2973.94 ,,2915.14 
2017/5/17,,3085.24 ,,3033.10 
2017/5/18,,3116.66 ,,3043.62 
2017/5/19,106.7,3216.86 ,462,3112.46 
2017/5/22,,3315.14 ,,3165.96 
2017/5/23,,3267.20 ,,3148.35 
2017/5/24,,3218.54 ,,3123.73 
2017/5/25,,3189.25 ,,3127.63 
2017/5/26,110.23,3209.27 ,466,3111.03 
2017/5/31,,3064.13 ,,3032.00 
2017/6/1,,3059.11 ,,3015.63 
2017/6/2,108.99,2992.91 ,460,3006.02 
2017/6/5,,2904.20 ,,2929.95 
2017/6/6,,2928.19 ,,2932.18 
2017/6/7,,2932.30 ,,2949.95 
2017/6/8,,2938.11 ,,2966.50 
2017/6/9,106.33,2987.58 ,473,3064.86 
2017/6/12,,3002.40 ,,3091.96 
2017/6/13,,2909.81 ,,2995.91 
2017/6/14,,3049.88 ,,3108.41 
2017/6/15,,3078.53 ,486,3173.52 
2017/6/16,106.15,3059.02 ,,3153.22 
2017/6/19,,3107.20 ,,3223.98 
2017/6/20,,3075.36 ,,3216.06 
2017/6/21,,3037.82 ,,3184.68 
2017/6/22,,3003.72 ,,3181.24 
2017/6/23,106.67,3072.44 ,494,3225.41 
2017/6/26,,3113.24 ,,3274.26 
2017/6/27,,3188.60 ,,3335.37 
2017/6/28,,3245.73 ,,3375.43 
2017/6/29,,3265.15 ,,3363.85 
2017/6/30,107.15,3312.61 ,516,3366.46 
2017/7/3,,3354.40 ,,3430.59 
2017/7/4,,3321.28 ,,3374.25 
2017/7/5,,3381.75 ,,3413.07 
2017/7/6,,3378.45 ,,3393.94 
2017/7/7,108.6,3391.57 ,523,3424.41 
2017/7/10,,3404.81 ,,3433.97 
2017/7/11,,3524.24 ,,3549.75 
2017/7/12,,3534.43 ,,3568.71 
2017/7/13,,3619.28 ,,3660.09 
2017/7/14,110.42,3511.18 ,545,3573.60 
2017/7/17,,3586.27 ,,3674.81 
2017/7/18,,3545.57 ,,3632.68 
2017/7/19,,3635.89 ,,3706.33 
2017/7/20,,3454.38 ,,3588.79 
2017/7/21,111.72,3478.64 ,553,3598.79 
2017/7/24,,3471.59 ,,3557.74 
2017/7/25,,3522.54 ,,3603.71 
2017/7/26,,3527.93 ,,3616.44 
2017/7/27,,3528.65 ,,3631.84 
2017/7/28,111.71,3515.69 ,559,3625.58 
2017/7/31,,3683.59 ,,3769.29 
2017/8/1,,3645.60 ,,3733.87 
2017/8/2,,3682.19 ,,3763.25 
2017/8/3,,3739.80 ,,3791.80 
2017/8/4,113.32,3825.97 ,581,3878.07 
2017/8/7,,3995.91 ,,4007.28 
2017/8/8,,3947.10 ,,3968.34 
2017/8/9,,4026.84 ,,4080.24 
2017/8/10,,3980.24 ,,4045.60 
2017/8/11,118.18,3880.23 ,612,3963.08 
2017/8/14,,3833.29 ,,3906.09 
2017/8/15,,3780.39 ,,3867.76 
2017/8/16,,3732.46 ,,3849.18 
2017/8/17,,3827.48 ,,3960.93 
2017/8/18,117.18,3865.10 ,614,4009.01 
2017/8/21,,3970.50 ,,4082.99 
2017/8/22,,3942.69 ,,4059.39 
2017/8/23,,3791.31 ,,3882.72 
2017/8/24,,3864.42 ,,3975.08 
2017/8/25,118.79,3934.70 ,617,4060.07 
2017/8/28,,3932.93 ,,4088.72 
2017/8/29,,3884.07 ,,4060.05 
2017/8/30,,3871.04 ,,4073.60 
2017/8/31,,3926.17 ,,4075.66 
2017/9/1,118.09,4059.02 ,625,4252.82 
2017/9/4,,4058.57 ,,4284.41 
2017/9/5,,4082.01 ,,4335.23 
2017/9/6,,3986.78 ,,4221.01 
2017/9/7,,3959.02 ,,4216.20 
2017/9/8,121.54,3917.17 ,644,4148.87 
2017/9/11,,3915.22 ,,4158.39 
2017/9/12,,3958.75 ,,4173.19 
2017/9/13,,3914.57 ,,4117.16 
2017/9/14,,3833.18 ,,4076.03 
2017/9/15,120.32,3805.61 ,637,4061.95 
2017/9/18,,3804.14 ,,4042.61 
2017/9/19,,3743.82 ,,3977.67 
2017/9/20,,3759.81 ,,3988.98 
2017/9/21,,3655.14 ,,3886.52 
2017/9/22,118.53,3551.47 ,597,3760.36 
2017/9/25,,3596.09 ,,3813.23 
2017/9/26,,3606.20 ,,3838.51 
2017/9/27,,3665.62 ,,3909.95 
2017/9/28,,3594.39 ,,3871.01 
2017/9/29,115.07,3676.91 ,599,3969.39 
2017/10/9,,3680.90 ,,3992.31 
2017/10/10,,3534.60 ,,3838.82 
2017/10/11,,3502.27 ,,3802.87 
2017/10/12,,3643.77 ,,3988.78 
2017/10/13,116.82,3788.38 ,627,4113.24 
2017/10/16,,3800.37 ,,4155.86 
2017/10/17,,3723.60 ,,4040.62 
2017/10/18,,3671.10 ,,4020.13 
2017/10/19,,3590.51 ,,3899.68 
2017/10/20,116.46,3757.96 ,617,4095.75 
2017/10/23,,3693.25 ,,4024.97 
2017/10/24,,3734.87 ,,4059.33 
2017/10/25,,3701.07 ,,4030.00 
2017/10/26,,3656.55 ,,3924.67 
2017/10/27,116.21,3585.47 ,601,3814.58 
2017/10/30,,3575.37 ,,3808.56 
2017/10/31,,3634.36 ,,3863.02 
2017/11/1,,3568.21 ,,3761.31 
2017/11/2,,3660.56 ,,3809.48 
2017/11/3,115,3629.45 ,601,3799.10 
2017/11/6,,3748.16 ,,3941.37 
2017/11/7,,3726.78 ,,3902.29 
2017/11/8,,3730.56 ,,3904.01 
2017/11/9,,3755.79 ,,3912.01 
2017/11/10,116.31,3807.62 ,613,3978.48 
2017/11/13,,3836.39 ,,4011.13 
2017/11/14,,3858.02 ,,4023.08 
2017/11/15,,3773.42 ,,3960.60 
2017/11/16,,3753.38 ,,3943.78 
2017/11/17,119.31,3712.94 ,609,3862.35 
2017/11/20,,3758.31 ,,3918.44 
2017/11/21,,3814.29 ,,3950.14 
2017/11/22,,3854.93 ,,3977.63 
2017/11/23,,3862.72 ,,3923.36 
2017/11/24,122.17,3861.01 ,618,3915.77 
2017/11/27,,3909.22 ,,3905.81 
2017/11/28,,3943.80 ,,3976.43 
2017/11/29,,4002.13 ,,4014.01 
2017/11/30,,4034.70 ,,4005.08 
2017/12/1,127.71,4027.85 ,639,4018.59 
2017/12/4,,4110.70 ,,4105.35 
2017/12/5,,4080.30 ,,4083.52 
2017/12/6,,3983.66 ,,3972.15 
2017/12/7,,3869.21 ,,3873.17 
2017/12/8,137.05,3941.53 ,639,3965.07 
2017/12/11,,3957.14 ,,3960.24 
2017/12/12,,3931.81 ,,3948.70 
2017/12/13,,3899.49 ,,3908.23 
2017/12/14,,3838.60 ,,3904.86 
2017/12/15,136.65,3854.23 ,645,3954.55 
2017/12/18,,3897.50 ,,3966.64 
2017/12/19,,3816.28 ,,3859.90 
2017/12/20,,3818.98 ,,3867.19 
2017/12/21,,3861.78 ,,3901.00 
2017/12/22,132.26,3942.51 ,658,3979.28 
2017/12/25,,3792.09 ,,3844.75 
2017/12/26,,3816.76 ,,3880.09 
2017/12/27,,3786.59 ,,3865.46 
2017/12/28,,3757.52 ,,3855.85 
2017/12/29,126.75,3785.03 ,642,3850.95 
2018/1/2,,3859.81 ,,3925.73 
2018/1/3,,3795.63 ,,3866.16 
2018/1/4,,3806.81 ,,3876.50 
2018/1/5,124.25,3784.62 ,647,3842.75 
2018/1/8,,3801.71 ,,3862.24 
2018/1/9,,3803.11 ,,3860.64 
2018/1/10,,3832.13 ,,3878.54 
2018/1/11,,3820.27 ,,3873.04 
2018/1/12,116.6,3774.36 ,633,3831.41 
2018/1/15,,3788.05 ,,3837.72 
2018/1/16,,3775.52 ,,3823.66 
2018/1/17,,3808.83 ,,3833.57 
2018/1/18,,3839.38 ,,3851.38 
2018/1/19,113.83,3906.00 ,632,3913.41 
2018/1/22,,3908.16 ,,3889.96 
2018/1/23,,3894.65 ,,3894.79 
2018/1/24,,3920.74 ,,3930.67 
2018/1/25,,3949.29 ,,3963.58 
2018/1/26,116.76,3928.56 ,648,3952.16 
2018/1/29,,3928.97 ,,3954.00 
2018/1/30,,3903.76 ,,3928.55 
2018/1/31,,3896.28 ,,3922.50 
2018/2/1,,3909.37 ,,3958.42 
2018/2/2,115.92,3939.72 ,640,4019.80 
2018/2/5,,3946.24 ,,4015.62 
2018/2/6,,3922.47 ,,3996.91 
2018/2/7,,3916.56 ,,3999.26 
2018/2/8,,3910.68 ,,4015.26 
2018/2/9,116.69,3875.39 ,646,3945.74 
2018/2/12,,3895.65 ,,3959.93 
2018/2/13,,3899.64 ,,3971.80 
2018/2/14,,3912.12 ,646,3970.55 
2018/2/22,,3848.39 ,,3913.51 
2018/2/23,,3930.65 ,655,3959.44 
2018/2/26,,4006.60 ,,4065.28 
2018/2/27,,4009.87 ,,4082.26 
2018/2/28,,3995.57 ,,4070.71 
2018/3/1,,4007.05 ,,4077.17 
2018/3/2,121.11,3999.76 ,657,4102.43 
2018/3/5,,3934.72 ,,4027.37 
2018/3/6,,3946.32 ,,4023.29 
2018/3/7,,3873.78 ,,3929.55 
2018/3/8,,3781.93 ,,3864.73 
2018/3/9,117.96,3690.81 ,618,3780.92 
2018/3/12,,3684.18 ,,3792.76 
2018/3/13,,3667.16 ,,3778.95 
2018/3/14,,3699.69 ,,3819.74 
2018/3/15,,3707.98 ,,3823.03 
2018/3/16,115.19,3677.69 ,629,3836.08 
2018/3/19,,3589.08 ,,3770.57 
2018/3/20,,3573.40 ,,3761.33 
2018/3/21,,3539.70 ,,3684.33 
2018/3/22,,3541.62 ,,3689.99 
2018/3/23,112.18,3312.34 ,595,3477.78 
2018/3/26,,3269.85 ,,3439.35 
2018/3/27,,3319.28 ,,3502.76 
2018/3/28,,3305.29 ,,3493.34 
2018/3/29,,3364.54 ,,3538.58 
2018/3/30,106.27,3458.87 ,600,3637.97 
2018/4/2,,3418.66 ,,3601.34 
2018/4/3,,3418.45 ,,3575.89 
2018/4/4,,3382.79 ,,3556.86 
2018/4/8,,,607,
2018/4/9,,3456.19 ,,3629.62 
2018/4/10,,3462.83 ,,3631.86 
2018/4/11,,3438.48 ,,3569.78 
2018/4/12,,3441.11 ,,3592.03 
2018/4/13,109.12,3484.96 ,615,3627.47 
2018/4/16,,3395.99 ,,3543.22 
2018/4/17,,3415.75 ,,3580.75 
2018/4/18,,3470.28 ,,3639.91 
2018/4/19,,3534.41 ,,3674.15 
2018/4/20,110.24,3471.77 ,643,3638.96 
2018/4/23,,3556.95 ,,3722.23 
2018/4/24,,3573.90 ,,3711.02 
2018/4/25,,3580.83 ,,3709.55 
2018/4/26,,3563.16 ,,3690.97 
2018/4/27,112.16,3588.83 ,651,3705.35 
2018/5/2,,3720.75 ,,3802.93 
2018/5/3,,3665.91 ,,3738.68 
2018/5/4,117.15,3657.24 ,659,3738.26 
2018/5/7,,3650.71 ,,3746.30 
2018/5/8,,3629.74 ,,3734.30 
2018/5/9,,3563.67 ,,3673.86 
2018/5/10,,3605.49 ,,3712.67 
2018/5/11,115.03,3664.04 ,659,3764.10 
2018/5/14,,3655.94 ,,3766.84 
2018/5/15,,3669.99 ,,3793.30 
2018/5/16,,3666.08 ,,3807.60 
2018/5/17,,3666.67 ,,3839.26 
2018/5/18,115.74,3618.99 ,669,3793.67 
2018/5/21,,3576.92 ,,3748.63 
2018/5/22,,3561.03 ,,3754.88 
2018/5/23,,3518.91 ,,3700.75 
2018/5/24,,3570.09 ,,3764.06 
2018/5/25,113.84,3551.05 ,657,3755.28 
2018/5/28,,3565.09 ,,3777.25 
2018/5/29,,3618.95 ,,3843.66 
2018/5/30,,3626.96 ,,3859.59 
2018/5/31,,3676.64 ,,3889.43 
2018/6/1,114.66,3714.46 ,666,3890.70 
2018/6/4,,3699.22 ,,3858.11 
2018/6/5,,3717.21 ,,3901.16 
2018/6/6,,3756.22 ,,3910.55 
2018/6/7,,3786.82 ,,3934.48 
2018/6/8,116.56,3785.68 ,666,3928.62 
2018/6/11,,3781.78 ,,3927.65 
2018/6/12,,3833.84 ,,3966.37 
2018/6/13,,3837.71 ,,3956.81 
2018/6/14,,3876.22 ,,3972.13 
2018/6/15,118.61,3880.06 ,668,3961.36 
2018/6/19,,3745.11 ,,3838.78 
2018/6/20,,3794.15 ,,3900.27 
2018/6/21,,3751.44 ,,3862.82 
2018/6/22,117.84,3737.01 ,658,3858.96 
2018/6/25,,3698.50 ,,3835.29 
2018/6/26,,3648.53 ,,3787.85 
2018/6/27,,3643.50 ,,3813.28 
2018/6/28,,3714.87 ,,3856.58 
2018/6/29,115.56,3777.78 ,647,3907.58 
2018/7/2,,3717.94 ,,3840.41 
2018/7/3,,3716.87 ,,3846.03 
2018/7/4,,3748.36 ,,3866.49 
2018/7/5,,3748.61 ,,3825.99 
2018/7/6,115.15,3736.22 ,627,3823.13 
2018/7/9,,3787.59 ,,3868.10 
2018/7/10,,3822.87 ,,3910.84 
2018/7/11,,3841.28 ,,3926.88 
2018/7/12,,3937.05 ,,3997.45 
2018/7/13,117.45,3922.99 ,639,3999.44 
2018/7/16,,3911.50 ,,4028.03 
2018/7/17,,3889.67 ,,4018.24 
2018/7/18,,3889.08 ,,4006.85 
2018/7/19,,3909.44 ,,3990.49 
2018/7/20,118.06,3931.37 ,633,4030.70 
2018/7/23,,3963.89 ,,4049.47 
2018/7/24,,3932.04 ,,4020.20 
2018/7/25,,3974.10 ,,4072.27 
2018/7/26,,3976.48 ,,4065.96 
2018/7/27,119.15,4074.51 ,628,4162.95 
2018/7/30,,4074.26 ,,4138.10 
2018/7/31,,4109.22 ,,4173.94 
2018/8/1,,4067.24 ,,4137.82 
2018/8/2,,4073.49 ,,4132.27 
2018/8/3,121.81,4120.80 ,625,4179.70 
2018/8/6,,4164.45 ,,4200.69 
2018/8/7,,4177.19 ,,4208.78 
2018/8/8,,4165.88 ,,4168.80 
2018/8/9,,4158.81 ,,4176.37 
2018/8/10,123.57,4116.41 ,623,4124.90 
2018/8/13,,4248.43 ,,4218.35 
2018/8/14,,4225.29 ,,4172.78 
2018/8/15,,4245.81 ,,4184.85 
2018/8/16,,4229.76 ,,4131.50 
2018/8/17,126.47,4358.55 ,622,4207.11 
2018/8/20,,4429.61 ,,4350.19 
2018/8/21,,4371.35 ,,4310.70 
2018/8/22,,4368.68 ,,4293.77 
2018/8/23,,4312.28 ,,4265.02 
2018/8/24,129.68,4360.28 ,638,4339.91 
2018/8/27,,4242.35 ,,4239.47 
2018/8/28,,4271.07 ,,4300.01 
2018/8/29,,4202.61 ,640,4226.95 
2018/8/30,,4155.86 ,,4190.86 
2018/8/31,127.06,4114.27 ,,4105.02 
2018/9/3,,4116.94 ,,4145.34 
2018/9/4,,4135.94 ,,4160.17 
2018/9/5,,4111.60 ,,4121.44 
2018/9/6,,4156.53 ,,4152.91 
2018/9/7,126.24,4188.81 ,635,4128.77 
2018/9/10,,4280.77 ,,4168.95 
2018/9/11,,4077.28 ,,3984.96 
2018/9/12,,4053.95 ,,3987.52 
2018/9/13,,4077.62 ,,4023.40 
2018/9/14,128.22,4103.65 ,624,4001.73 
2018/9/17,,4115.81 ,,3977.86 
2018/9/18,,4174.10 ,,4017.09 
2018/9/19,,4157.21 ,,3980.64 
2018/9/20,,4143.42 ,,3977.15 
2018/9/21,129.71,4164.48 ,624,4009.52 
2018/9/25,,4076.60 ,,3947.28 
2018/9/26,,4074.35 ,,3922.29 
2018/9/27,,4016.36 ,,3877.26 
2018/9/28,128.16,3938.00 ,614,3856.85 
2018/10/8,,3952.98 ,,3874.34 
2018/10/9,,4007.29 ,,3927.27 
2018/10/10,,4016.53 ,,3919.81 
2018/10/11,,4016.27 ,,3889.10 
2018/10/12,128.31,4062.81 ,606,3910.83 
2018/10/15,,4100.96 ,,3944.28 
2018/10/16,,4062.80 ,,3921.18 
2018/10/17,,4133.61 ,,3940.15 
2018/10/18,,4049.82 ,,3831.27 
2018/10/19,129.98,3996.57 ,604,3833.26 
2018/10/22,,4090.05 ,,3873.35 
2018/10/23,,4080.18 ,,3846.93 
2018/10/24,,4125.14 ,,3897.00 
2018/10/25,,4122.62 ,,3920.44 
2018/10/26,131.47,4155.21 ,603,3898.26 
2018/10/29,,4076.20 ,,3807.74 
2018/10/30,,4086.74 ,,3814.06 
2018/10/31,,4036.22 ,,3768.61 
2018/11/1,,3963.43 ,,3638.90 
2018/11/2,132.8,3966.32 ,577,3710.87 
2018/11/5,,3979.25 ,,3736.50 
2018/11/6,,3875.75 ,,3682.26 
2018/11/7,,3824.78 ,,3670.18 
2018/11/8,,3866.21 ,,3663.96 
2018/11/9,130.15,3801.13 ,562,3582.03 
2018/11/12,,3722.96 ,,3550.02 
2018/11/13,,3733.33 ,,3557.49 
2018/11/14,,3799.82 ,,3553.65 
2018/11/15,,3752.46 ,,3558.44 
2018/11/16,127.28,3743.59 ,547,3553.29 
2018/11/19,,3715.84 ,,3552.37 
2018/11/20,,3629.71 ,,3501.54 
2018/11/21,,3626.61 ,,3537.70 
2018/11/22,,3601.00 ,,3506.59 
2018/11/23,118.97,3492.00 ,536,3391.38 
2018/11/26,,3384.13 ,,3280.21 
2018/11/27,,3396.25 ,,3263.27 
2018/11/28,,3440.28 ,,3306.45 
2018/11/29,,3422.34 ,,3304.02 
2018/11/30,111.91,3366.09 ,515,3279.46 
2018/12/3,,3430.60 ,,3338.06 
2018/12/4,,3466.47 ,,3381.35 
2018/12/5,,3530.22 ,,3459.03 
2018/12/6,,3444.40 ,,3389.30 
2018/12/7,114.33,3456.94 ,537,3414.68 
2018/12/10,,3366.33 ,,3350.19 
2018/12/11,,3378.42 ,,3371.43 
2018/12/12,,3361.39 ,,3375.18 
2018/12/13,,3452.23 ,,3510.80 
2018/12/14,110.75,3472.76 ,545,3482.16 
2018/12/17,,3461.02 ,,3476.93 
2018/12/18,,3456.26 ,,3467.55 
2018/12/19,,3445.01 ,,3472.63 
2018/12/20,,3491.27 ,,3478.94 
2018/12/21,111.74,3514.41 ,549,3482.52 
2018/12/24,,3456.22 ,,3436.95 
2018/12/25,,3402.05 ,,3384.27 
2018/12/26,,3407.18 ,,3370.11 
2018/12/27,,3387.66 ,,3334.31 
2018/12/28,110.46,3387.21 ,530,3337.55 
2019/1/2,,3363.05 ,,3286.39 
2019/1/3,,3432.14 ,,3337.61 
2019/1/4,109.18,3463.28 ,528,3349.63 
2019/1/7,,3497.34 ,,3397.45 
2019/1/8,,3480.89 ,,3389.23 
2019/1/9,,3484.61 ,,3407.28 
2019/1/10,,3489.55 ,,3407.17 
2019/1/11,109.23,3513.51 ,528,3423.84 
2019/1/14,,3549.92 ,,3445.47 
2019/1/15,,3494.65 ,,3402.70 
2019/1/16,,3508.76 ,,3420.18 
2019/1/17,,3525.17 ,,3441.74 
2019/1/18,108.32,3607.80 ,539,3501.51 
2019/1/21,,3619.68 ,,3498.64 
2019/1/22,,3606.65 ,,3526.52 
2019/1/23,,3611.53 ,,3538.55 
2019/1/24,,3647.19 ,,3568.49 
2019/1/25,109.16,3675.98 ,552,3587.05 
2019/1/28,,3644.92 ,,3565.71 
2019/1/29,,3636.22 ,,3565.36 
2019/1/30,,3637.54 ,,3558.05 
2019/1/31,,3665.08 ,554,3584.57 
2019/2/1,109.84,3707.39 ,,3620.72 
2019/2/11,,3773.60 ,,3679.94 
2019/2/12,,3733.23 ,,3645.42 
2019/2/13,,3655.97 ,,3581.67 
2019/2/14,,3637.98 ,,3575.24 
2019/2/15,111.37,3552.64 ,547,3504.32 
2019/2/18,,3608.30 ,,3588.74 
2019/2/19,,3609.62 ,,3599.93 
2019/2/20,,3592.84 ,,3616.99 
2019/2/21,,3626.31 ,,3630.67 
2019/2/22,110.29,3680.72 ,562,3667.26 
2019/2/25,,3634.96 ,,3640.74 
2019/2/26,,3683.19 ,,3706.00 
2019/2/27,,3662.76 ,,3695.12 
2019/2/28,,3691.88 ,,3737.49 
2019/3/1,110.92,3753.93 ,577,3782.70 
2019/3/4,,3753.60 ,,3749.20 
2019/3/5,,3727.28 ,,3731.39 
2019/3/6,,3675.22 ,,3661.22 
2019/3/7,,3750.56 ,,3702.03 
2019/3/8,112,3700.79 ,572,3658.60 
2019/3/11,,3636.10 ,,3625.06 
2019/3/12,,3721.91 ,,3708.04 
2019/3/13,,3698.87 ,,3661.80 
2019/3/14,,3694.41 ,,3639.15 
2019/3/15,112.84,3660.20 ,566,3601.30 
2019/3/18,,3667.12 ,,3612.87 
2019/3/19,,3674.09 ,,3610.41 
2019/3/20,,3666.05 ,,3595.36 
2019/3/21,,3663.31 ,,3601.41 
2019/3/22,114.13,3662.40 ,578,3617.58 
2019/3/25,,3599.05 ,,3562.81 
2019/3/26,,3584.45 ,,3554.73 
2019/3/27,,3573.14 ,,3560.13 
2019/3/28,,3540.87 ,,3548.76 
2019/3/29,112.68,3591.18 ,573,3605.91 
2019/4/1,,3620.24 ,,3635.05 
2019/4/2,,3664.94 ,,3636.80 
2019/4/3,,3685.78 ,,3681.75 
2019/4/4,,3685.52 ,581,3696.89 
2019/4/5,114.24,,,
2019/4/8,,3815.67 ,,3790.29 
2019/4/9,,3832.30 ,,3782.53 
2019/4/10,,3843.27 ,,3775.92 
2019/4/11,,3871.65 ,,3782.68 
2019/4/12,116.97,3859.01 ,590,3766.79 
2019/4/15,,3889.02 ,,3815.82 
2019/4/16,,3842.14 ,,3760.06 
2019/4/17,,3851.24 ,,3776.93 
2019/4/18,,3758.87 ,,3697.68 
2019/4/19,118.26,3781.58 ,593,3732.28 
2019/4/22,,3806.12 ,,3749.99 
2019/4/23,,3788.44 ,,3729.17 
2019/4/24,,3757.30 ,,3707.69 
2019/4/25,,3736.55 ,,3671.96 
2019/4/26,118.15,3754.92 ,593,3695.21 
2019/4/29,,3783.07 ,,3718.71 
2019/4/30,,3812.42 ,,3780.76 
2019/5/3,118.63,,,
2019/5/6,,3738.29 ,,3706.81 
2019/5/7,,3743.37 ,,3722.15 
2019/5/8,,3705.34 ,,3676.29 
2019/5/9,,3707.18 ,,3656.84 
2019/5/10,117.93,3711.29 ,598,3667.69 
2019/5/13,,3658.71 ,,3597.48 
2019/5/14,,3630.20 ,,3579.81 
2019/5/15,,3667.26 ,,3618.16 
2019/5/16,,3690.35 ,,3624.23 
2019/5/17,116.47,3714.62 ,586,3650.66 
2019/5/20,,3720.89 ,,3614.01 
2019/5/21,,3861.80 ,,3735.43 
2019/5/22,,3849.29 ,,3724.49 
2019/5/23,,3817.48 ,,3692.51 
2019/5/24,117.84,3823.25 ,580,3694.50 
2019/5/27,,3775.34 ,,3635.20 
2019/5/28,,3777.13 ,,3637.86 
2019/5/29,,3756.08 ,,3634.90 
2019/5/30,,3709.42 ,,3605.34 
2019/5/31,115.99,3680.78 ,570,3589.40 
2019/6/3,,3637.78 ,,3540.88 
2019/6/4,,3673.84 ,,3572.79 
2019/6/5,,3675.33 ,,3569.60 
2019/6/6,114.24,3664.14 ,556,3557.33 
2019/6/10,,3643.34 ,,3538.03 
2019/6/11,,3755.86 ,,3618.38 
2019/6/12,,3700.26 ,,3584.32 
2019/6/13,,3712.74 ,,3599.50 
2019/6/14,112.99,3682.05 ,550,3591.32 
2019/6/17,,3631.02 ,,3548.78 
2019/6/18,,3659.58 ,,3566.27 
2019/6/19,,3694.34 ,,3616.07 
2019/6/20,,3747.52 ,,3674.68 
2019/6/21,111.47,3780.35 ,548,3725.30 
2019/6/24,,3824.55 ,,3815.79 
2019/6/25,,3911.18 ,,3881.27 
2019/6/26,,3914.37 ,,3884.56 
2019/6/27,,3917.41 ,,3864.24 
2019/6/28,114.09,3977.94 ,571,3918.11 
2019/7/1,,4013.53 ,,3948.56 
2019/7/2,,3967.40 ,,3883.73 
2019/7/3,,3944.88 ,,3872.46 
2019/7/4,,3941.88 ,,3856.36 
2019/7/5,115.31,3907.77 ,566,3821.26 
2019/7/8,,3908.17 ,,3833.10 
2019/7/9,,3954.79 ,,3870.30 
2019/7/10,,3936.59 ,,3843.44 
2019/7/11,,3933.86 ,,3832.21 
2019/7/12,114.09,3887.37 ,558,3794.88 
2019/7/15,,3947.44 ,,3850.52 
2019/7/16,,3954.55 ,,3851.58 
2019/7/17,,3969.09 ,,3871.99 
2019/7/18,,3887.95 ,,3810.66 
2019/7/19,114.39,3919.51 ,563,3852.83 
2019/7/22,,3870.53 ,,3809.77 
2019/7/23,,3863.47 ,,3813.90 
2019/7/24,,3821.50 ,,3774.10 
2019/7/25,,3858.15 ,,3811.76 
2019/7/26,113.4,3840.91 ,559,3787.37 
2019/7/29,,3789.67 ,,3743.22 
2019/7/30,,3794.60 ,,3731.91 
2019/7/31,,3798.89 ,,3748.64 
2019/8/1,,3763.89 ,,3723.33 
2019/8/2,112.53,3727.74 ,548,3685.16 
2019/8/5,,3663.76 ,,3627.72 
2019/8/6,,3624.77 ,,3597.17 
2019/8/7,,3624.68 ,,3601.35 
2019/8/8,,3585.17 ,,3584.21 
2019/8/9,109.17,3506.85 ,518,3543.83 
2019/8/12,,3567.07 ,,3605.25 
2019/8/13,,3557.46 ,,3584.00 
2019/8/14,,3556.73 ,,3610.81 
2019/8/15,,3584.08 ,,3634.43 
2019/8/16,107.13,3576.23 ,528,3632.91 
2019/8/19,,3591.11 ,,3637.71 
2019/8/20,,3546.63 ,,3601.12 
2019/8/21,,3518.68 ,,3598.97 
2019/8/22,,3518.40 ,,3589.55 
2019/8/23,106,3527.72 ,527,3594.55 
2019/8/26,,3447.48 ,,3519.48 
2019/8/27,,3345.74 ,,3417.42 
2019/8/28,,3373.35 ,,3440.46 
2019/8/29,,3323.88 ,,3401.53 
2019/8/30,104.5,3393.89 ,507,3457.10 
2019/9/2,,3445.91 ,,3496.44 
2019/9/3,,3438.94 ,,3489.16 
2019/9/4,,3456.51 ,,3498.98 
2019/9/5,,3465.99 ,,3474.27 
2019/9/6,106.75,3413.67 ,513,3426.36 
2019/9/9,,3506.89 ,,3545.89 
2019/9/10,,3489.22 ,,3539.16 
2019/9/11,,3484.73 ,,3530.94 
2019/9/12,108.05,3544.89 ,517,3576.40 
2019/9/16,,3557.67 ,,3573.80 
2019/9/17,,3525.93 ,,3541.83 
2019/9/18,,3485.69 ,,3516.18 
2019/9/19,,3389.10 ,,3431.15 
2019/9/20,108.13,3372.49 ,508,3401.47 
2019/9/23,,3485.22 ,,3498.85 
2019/9/24,,3455.46 ,,3488.61 
2019/9/25,,3473.78 ,,3497.83 
2019/9/26,,3418.99 ,508,3445.14 
2019/9/27,108.03,3405.45 ,,3424.80 
2019/9/30,,3432.68 ,,3443.48 
,,,,
数据来源：Wind,,,,
